Waktu pengosongan,Voltage,Current,Temperature,Capacity,SOH,Combined,RUL
3.025,4.17806,5.0,23.87099,"-0,00253",100.0,302.5,96.0
6.025,4.17436,5.0,24.18646,"-0,00507",99.46970684039084,599.3049837133549,95.89968652037618
9.025,4.17115,5.0,24.39678,"-0,00761",99.009641693811,893.5620162866444,95.79937304075236
12.025,4.16795,5.0,23.97615,"-0,01015",98.55100977198697,1185.0758925081434,95.69905956112852
15.025,4.16509,5.0,23.87099,"-0,01269",98.14110749185664,1474.570140065146,95.5987460815047
18.025,4.16222,5.0,24.18646,"-0,01522",97.72977198697059,1761.5791400651447,95.49843260188088
21.025,4.15969,5.0,24.29162,"-0,01776",97.3671661237785,2047.144667752443,95.39811912225706
24.025,4.157,5.0,23.97615,"-0,0203",96.98162866449506,2329.9836286644936,95.29780564263324
27.025,4.1543,5.0,23.76583,"-0,02283",96.59465798045599,2610.470631921823,95.1974921630094
30.025,4.15194,5.0,24.0813,"-0,02537",96.25641693811066,2890.0989185667727,95.09717868338558
33.025,4.14958,5.0,24.18646,"-0,02791",95.91817589576547,3167.6977589576545,94.99686520376176
36.025,4.14722,5.0,24.18646,"-0,03044",95.57993485342014,3443.2671530944604,94.89655172413794
39.025,4.14503,5.0,24.18646,"-0,03298",95.26605863192182,3717.757938110749,94.7962382445141
42.025,4.143,5.0,23.97615,"-0,03552",94.97511400651459,3991.3291661237754,94.69592476489028
45.025,4.14098,5.0,23.87099,"-0,03805",94.68560260586314,4263.219257328988,94.59561128526646
48.025,4.13879,5.0,23.97615,"-0,04058",94.3717263843648,4532.20215960912,94.49529780564264
51.025,4.13677,5.0,24.0813,"-0,04312",94.08221498371336,4800.5450195439735,94.39498432601881
54.025,4.13491,5.0,24.29162,"-0,04566",93.815635179153,5068.389690553741,94.29467084639498
57.025,4.13306,5.0,24.18646,"-0,04819",93.55048859934854,5334.716612377851,94.19435736677116
60.025,4.13121,5.0,24.18646,"-0,05072",93.28534201954396,5599.452654723126,94.09404388714734
63.025,4.12952,5.0,24.0813,"-0,05326",93.04312703583062,5864.043081433225,93.99373040752351
66.025,4.12783,5.0,23.97615,"-0,0558",92.80091205211727,6127.180218241043,93.8934169278997
69.025,4.12615,5.0,23.97615,"-0,05833",92.56013029315956,6388.962993485339,93.79310344827586
72.025,4.12446,5.0,24.0813,"-0,06087",92.31791530944622,6649.197850162865,93.69278996865204
75.025,4.12295,5.0,24.0813,"-0,06341",92.10149837133551,6909.914915309447,93.59247648902821
78.025,4.12143,5.0,24.0813,"-0,06594",91.88364820846904,7169.221651465798,93.4921630094044
81.025,4.11991,5.0,24.18646,"-0,06848",91.66579804560256,7427.221286644948,93.39184952978056
84.025,4.11856,5.0,24.0813,"-0,07101",91.47231270358309,7685.9610749185695,93.29153605015674
87.025,4.11722,5.0,24.0813,"-0,07355",91.28026058631913,7943.664677524423,93.19122257053291
90.025,4.11587,5.0,23.97615,"-0,07609",91.08677524429966,8200.086941368078,93.0909090909091
93.025,4.11452,5.0,24.0813,"-0,07863",90.89328990228006,8455.348293159603,92.99059561128527
96.025,4.11317,5.0,24.0813,"-0,08117",90.69980456026057,8709.448732899022,92.89028213166144
99.025,4.11199,5.0,24.0813,"-0,0837",90.53068403908784,8964.800986970675,92.78996865203762
102.025,4.11081,5.0,24.0813,"-0,08624",90.36156351791524,9219.138517915304,92.6896551724138
105.025,4.10963,5.0,24.18646,"-0,08877",90.19244299674264,9472.461325732897,92.58934169278997
108.025,4.10862,5.0,23.97615,"-0,09131",90.04768729641692,9727.40142019544,92.48902821316615
111.025,4.10744,5.0,24.0813,"-0,09385",89.87856677524432,9978.767876221502,92.38871473354232
114.025,4.10643,5.0,24.0813,"-0,09638",89.73381107491846,10231.897807817579,92.2884012539185
117.025,4.10525,5.0,23.97615,"-0,09892",89.56469055374586,10481.30791205211,92.18808777429467
120.025,4.10424,5.0,24.0813,"-0,10145",89.41993485342014,10732.627680781754,92.08777429467085
123.025,4.10322,5.0,24.0813,"-0,10399",89.27374592833877,10982.902592833878,91.98746081504703
126.025,4.10238,5.0,24.0813,"-0,10652",89.15335504885992,11235.551570032572,91.8871473354232
129.025,4.10137,5.0,24.0813,"-0,10906",89.00859934853419,11484.334530944625,91.78683385579937
132.025,4.10053,5.0,24.0813,"-0,11159",88.88820846905534,11735.465723127032,91.68652037617555
135.025,4.09969,5.0,24.0813,"-0,11413",88.76781758957648,11985.874570032565,91.58620689655173
138.025,4.09884,5.0,24.18646,"-0,11666",88.64599348534198,12235.363250814327,91.4858934169279
141.025,4.098,5.0,24.0813,"-0,1192",88.52560260586314,12484.32310749185,91.38557993730407
144.025,4.09716,5.0,24.0813,"-0,12174",88.40521172638428,12732.560618892496,91.28526645768025
147.025,4.09631,5.0,24.0813,"-0,12427",88.28338762214977,12979.86506514657,91.18495297805643
150.025,4.09564,5.0,24.0813,"-0,1268",88.18736156351792,13230.308918566778,91.08463949843261
153.025,4.09497,5.0,24.18646,"-0,12934",88.09133550488596,13480.176615635175,90.98432601880877
156.025,4.09412,5.0,23.97615,"-0,13187",87.96951140065146,13725.443016286645,90.88401253918495
159.025,4.09345,5.0,23.87099,"-0,1344",87.87348534201948,13974.081006514649,90.78369905956113
162.025,4.09277,5.0,24.0813,"-0,13694",87.77602605863186,14221.910622149828,90.68338557993731
165.025,4.0921,5.0,24.18646,"-0,13947",87.68,14469.392000000002,90.58307210031347
168.025,4.09143,5.0,24.29162,"-0,14201",87.58397394136801,14716.297221498362,90.48275862068965
171.025,4.09075,5.0,24.0813,"-0,14454",87.4865146579804,14962.381169381097,90.38244514106583
174.025,4.09025,5.0,23.97615,"-0,14708",87.41485342019541,15212.369866449508,90.28213166144201
177.025,4.08974,5.0,24.0813,"-0,14961",87.34175895765468,15461.67487947882,90.18181818181819
180.025,4.08907,5.0,24.18646,"-0,15215",87.24573289902283,15706.413065146584,90.08150470219435
183.025,4.08839,5.0,24.0813,"-0,15469",87.1482736156352,15950.312778501633,89.98119122257053
186.025,4.08789,5.0,23.97615,"-0,15722",87.0766123778501,16198.426817589565,89.88087774294671
189.025,4.08721,5.0,23.97615,"-0,15976",86.97915309446248,16441.23441368077,89.78056426332289
192.025,4.08671,5.0,24.0813,"-0,1623",86.9074918566775,16688.411123778496,89.68025078369907
195.025,4.08637,5.0,24.18646,"-0,16483",86.85876221498361,16939.63010097718,89.57993730407523
198.025,4.08586,5.0,24.0813,"-0,16737",86.785667752443,17185.731856677525,89.47962382445141
201.025,4.08536,5.0,24.0813,"-0,1699",86.7140065146579,17431.683159609103,89.37931034482759
204.025,4.08485,5.0,23.97615,"-0,17244",86.64091205211727,17676.912081433227,89.27899686520377
207.025,4.08435,5.0,23.87099,"-0,17498",86.56925081433216,17921.999149837116,89.17868338557994
210.025,4.08384,5.0,24.0813,"-0,17752",86.49615635179154,18166.355237785017,89.07836990595611
213.025,4.0835,5.0,24.18646,"-0,18005",86.44742671009767,18415.463074918556,88.97805642633229
216.025,4.08317,5.0,24.18646,"-0,18258",86.40013029315956,18664.588146579794,88.87774294670847
219.025,4.08266,5.0,24.0813,"-0,18512",86.32703583061883,18907.77902280129,88.77742946708464
222.025,4.08232,5.0,24.0813,"-0,18765",86.27830618892506,19155.940931596087,88.67711598746081
225.025,4.08182,5.0,24.0813,"-0,19019",86.20664495113996,19398.65028013027,88.57680250783699
228.025,4.08148,5.0,24.0813,"-0,19273",86.15791530944622,19646.158638436475,88.47648902821317
231.025,4.08114,5.0,24.0813,"-0,19526",86.10918566775247,19893.374618892514,88.37617554858934
234.025,4.08064,5.0,24.0813,"-0,1978",86.03752442996736,20134.931654723114,88.27586206896552
237.025,4.0803,5.0,24.0813,"-0,20034",85.98879478827361,20381.494084690552,88.17554858934169
240.025,4.07996,5.0,24.0813,"-0,20287",85.94006514657974,20627.764136807804,88.07523510971787
243.025,4.07963,5.0,24.0813,"-0,20541",85.89276872964165,20874.090120521163,87.97492163009404
246.025,4.07929,5.0,23.97615,"-0,20794",85.84403908794788,21119.77971661238,87.87460815047022
249.025,4.07895,5.0,23.97615,"-0,21048",85.79530944625401,21365.176934853404,87.77429467084639
252.025,4.07862,5.0,23.97615,"-0,21302",85.74801302931591,21610.642983713344,87.67398119122257
255.025,4.07828,5.0,24.0813,"-0,21556",85.69928338762216,21855.459745928343,87.57366771159874
258.025,4.07794,5.0,24.0813,"-0,21809",85.65055374592828,22099.98413029314,87.47335423197492
261.025,4.07777,5.0,23.97615,"-0,22063",85.62618892508141,22350.575964169373,87.3730407523511
264.025,4.07744,5.0,24.0813,"-0,22317",85.57889250814331,22594.967094462536,87.27272727272728
267.025,4.07727,5.0,24.0813,"-0,2257",85.55452768729643,22845.197755700327,87.17241379310344
270.025,4.07693,5.0,24.0813,"-0,22824",85.50579804560256,23088.70311726383,87.07210031347962
273.025,4.07659,5.0,23.97615,"-0,23077",85.4570684039088,23331.9161009772,86.9717868338558
276.025,4.07626,5.0,23.97615,"-0,23331",85.40977198697071,23575.23231270359,86.87147335423198
279.025,4.07609,5.0,24.18646,"-0,23584",85.38540716612371,23824.663234527667,86.77115987460814
282.025,4.07575,5.0,24.18646,"-0,23837",85.33667752442996,24067.076478827355,86.67084639498432
285.025,4.07558,5.0,23.97615,"-0,24091",85.31231270358309,24316.14192833877,86.5705329153605
288.025,4.07541,5.0,23.87099,"-0,24345",85.28794788273608,24565.061188925058,86.47021943573668
291.025,4.07508,5.0,23.97615,"-0,24599",85.24065146579798,24807.160592833854,86.36990595611286
294.025,4.07474,5.0,24.0813,"-0,24853",85.19192182410423,25048.554814332245,86.26959247648902
297.025,4.07457,5.0,24.0813,"-0,25106",85.16755700325723,25296.893618892478,86.1692789968652
300.025,4.0744,5.0,24.0813,"-0,2536",85.14319218241035,25545.086234527662,86.06896551724138
303.025,4.07406,5.0,24.0813,"-0,25613",85.0944625407166,25785.74951140065,85.96865203761756
306.025,4.0739,5.0,23.87099,"-0,25867",85.07153094462538,26034.01525732898,85.86833855799372
309.025,4.07373,5.0,23.97615,"-0,2612",85.0471661237785,26281.700511400646,85.7680250783699
312.025,4.07339,5.0,23.97615,"-0,26374",84.99843648208463,26521.637143322456,85.66771159874608
315.025,4.07322,5.0,24.0813,"-0,26628",84.97407166123776,26768.956925081424,85.56739811912226
318.025,4.07305,5.0,23.97615,"-0,26881",84.94970684039089,27016.13051791531,85.46708463949844
321.025,4.07272,5.0,23.97615,"-0,27134",84.90241042345278,27255.796306188928,85.3667711598746
324.025,4.07255,5.0,23.97615,"-0,27388",84.87804560260578,27502.608726384336,85.26645768025078
327.025,4.07238,5.0,23.97615,"-0,27641",84.8536807817589,27749.2749576547,85.16614420062696
330.025,4.07221,5.0,24.0813,"-0,27895",84.82931596091203,27995.79499999999,85.06583072100314
333.025,4.07204,5.0,23.97615,"-0,28148",84.80495114006516,28242.168853420197,84.96551724137932
336.025,4.07187,5.0,24.0813,"-0,28402",84.78058631921816,28488.39651791528,84.86520376175548
339.025,4.07154,5.0,23.97615,"-0,28655",84.73328990228005,28726.70360912049,84.76489028213166
342.025,4.07137,5.0,24.18646,"-0,28909",84.70892508143318,28972.57010097718,84.66457680250784
345.025,4.0712,5.0,24.0813,"-0,29163",84.68456026058631,29218.290403908788,84.56426332288402
348.025,4.07103,5.0,24.0813,"-0,29416",84.66019543973943,29463.86451791531,84.4639498432602
351.025,4.07086,5.0,23.97615,"-0,29669",84.63583061889243,29709.292442996713,84.36363636363636
354.025,4.07069,5.0,24.0813,"-0,29922",84.61146579804556,29954.574179153078,84.26332288401254
357.025,4.07052,5.0,24.0813,"-0,30176",84.58710097719869,30199.70972638436,84.16300940438872
360.025,4.07036,5.0,24.18646,"-0,30429",84.56416938110745,30445.215081433205,84.0626959247649
363.025,4.07019,5.0,23.97615,"-0,30683",84.53980456026058,30690.062550488594,83.96238244514106
366.025,4.07002,5.0,24.0813,"-0,30936",84.51543973941371,30934.7638306189,83.86206896551724
369.025,4.06985,5.0,24.0813,"-0,3119",84.4910749185667,31179.318921824073,83.76175548589342
372.025,4.06968,5.0,24.18646,"-0,31443",84.46671009771983,31423.727824104215,83.6614420062696
375.025,4.06951,5.0,24.0813,"-0,31697",84.44234527687296,31667.990537459278,83.56112852664577
378.025,4.06934,5.0,24.0813,"-0,3195",84.41798045602609,31912.10706188926,83.46081504702194
381.025,4.06918,5.0,23.97615,"-0,32204",84.39504885993485,32156.623491856673,83.36050156739812
384.025,4.06901,5.0,24.0813,"-0,32457",84.37068403908785,32400.45193811071,83.2601880877743
387.025,4.06884,5.0,24.18646,"-0,32711",84.34631921824098,32644.134195439714,83.15987460815047
390.025,4.06867,5.0,24.0813,"-0,32964",84.3219543973941,32887.67026384363,83.05956112852664
393.025,4.0685,5.0,24.0813,"-0,33218",84.29758957654722,33131.06014332247,82.95924764890282
396.025,4.06833,5.0,23.97615,"-0,33471",84.27322475570023,33374.30383387618,82.858934169279
399.025,4.06833,5.0,24.0813,"-0,33725",84.27322475570023,33627.12350814328,82.75862068965517
402.025,4.06816,5.0,24.0813,"-0,33978",84.24885993485336,33870.14791530942,82.65830721003135
405.025,4.068,5.0,24.0813,"-0,34232",84.22592833876212,34113.60662540713,82.55799373040753
408.025,4.06766,5.0,23.97615,"-0,34485",84.17719869706838,34346.40149837132,82.4576802507837
411.025,4.06749,5.0,24.18646,"-0,34739",84.15283387622151,34588.918543973945,82.35736677115987
414.025,4.06749,5.0,24.18646,"-0,34993",84.15283387622151,34841.37704560261,82.25705329153605
417.025,4.06732,5.0,24.0813,"-0,35247",84.1284690553745,35083.674807817544,82.15673981191223
420.025,4.06732,5.0,23.87099,"-0,35501",84.1284690553745,35336.06021498367,82.0564263322884
423.025,4.06715,5.0,23.97615,"-0,35754",84.10410423452763,35578.138693811045,81.95611285266457
426.025,4.06698,5.0,23.97615,"-0,36008",84.07973941368076,35820.07098371334,81.85579937304075
429.025,4.06682,5.0,24.18646,"-0,36262",84.05680781758952,36062.47197394134,81.75548589341693
432.025,4.06665,5.0,24.18646,"-0,36515",84.03244299674265,36304.11618566774,81.65517241379311
435.025,4.06648,5.0,23.87099,"-0,36769",84.00807817589578,36545.61420846906,81.55485893416927
438.025,4.06631,5.0,23.87099,"-0,37022",83.98371335504878,36786.96604234524,81.45454545454545
441.025,4.06631,5.0,24.0813,"-0,37276",83.98371335504878,37038.91718241038,81.35423197492163
444.025,4.06614,5.0,24.0813,"-0,37529",83.95934853420191,37280.049732899,81.25391849529781
447.025,4.06597,5.0,24.0813,"-0,37783",83.93498371335502,37521.03609446253,81.15360501567397
450.025,4.0658,5.0,24.0813,"-0,38036",83.91061889250814,37761.876267100975,81.05329153605015
453.025,4.06564,5.0,23.97615,"-0,3829",83.88768729641693,38003.21953745928,80.95297805642633
456.025,4.06547,5.0,23.97615,"-0,38543",83.86332247557006,38243.77163192183,80.85266457680251
459.025,4.0653,5.0,23.87099,"-0,38797",83.83895765472305,38484.17753745925,80.75235109717869
462.025,4.0653,5.0,23.97615,"-0,3905",83.83895765472305,38735.69441042341,80.65203761755485
465.025,4.06513,5.0,23.97615,"-0,39304",83.81459283387618,38975.88103257327,80.55172413793103
468.025,4.06496,5.0,24.0813,"-0,39558",83.7902280130293,39215.92146579804,80.45141065830721
471.025,4.06479,5.0,24.0813,"-0,39812",83.76586319218242,39455.815710097726,80.35109717868339
474.025,4.06446,5.0,24.0813,"-0,40065",83.71856677524433,39684.69361563519,80.25078369905957
477.025,4.06429,5.0,24.0813,"-0,40319",83.69420195439731,39924.226687296374,80.15047021943573
480.025,4.06429,5.0,24.0813,"-0,40573",83.69420195439731,40175.30929315957,80.05015673981191
483.025,4.06412,5.0,24.0813,"-0,40826",83.66983713355044,40414.6230814332,79.94984326018809
486.025,4.06395,5.0,24.0813,"-0,4108",83.64547231270357,40653.790680781756,79.84952978056427
489.025,4.06378,5.0,24.0813,"-0,41333",83.62110749185669,40892.81209120522,79.74921630094045
492.025,4.06361,5.0,24.0813,"-0,41588",83.5967426710097,41131.68731270354,79.64890282131661
495.025,4.06328,5.0,24.0813,"-0,41841",83.5494462540716,41359.06463192179,79.54858934169279
498.025,4.06311,5.0,24.0813,"-0,42094",83.52508143322473,41597.57868078174,79.44827586206897
501.025,4.06294,5.0,24.0813,"-0,42348",83.50071661237784,41835.946540716606,79.34796238244515
504.025,4.06277,5.0,24.0813,"-0,42601",83.47635179153096,42074.16821172639,79.24764890282131
507.025,4.0626,5.0,23.97615,"-0,42855",83.45198697068398,42312.24369381104,79.14733542319749
510.025,4.06227,5.0,23.97615,"-0,43108",83.40469055374587,42538.47729967423,79.04702194357367
513.025,4.0621,5.0,24.18646,"-0,43362",83.380325732899,42776.191609120506,78.94670846394985
516.025,4.06176,5.0,24.0813,"-0,43615",83.33159609120511,43001.186872964114,78.84639498432603
519.025,4.06142,5.0,23.97615,"-0,43869",83.28286644951136,43225.88975895763,78.7460815047022
522.025,4.06125,5.0,24.0813,"-0,44122",83.25850162866449,43463.01931270358,78.64576802507837
525.025,4.06092,5.0,24.0813,"-0,44376",83.2112052117264,43687.963016286645,78.54545454545455
528.025,4.06075,5.0,24.0813,"-0,44629",83.1868403908794,43924.73139739409,78.44514106583073
531.025,4.06041,5.0,24.0813,"-0,44883",83.13811074918564,44148.415260586306,78.34482758620689
534.025,4.06007,5.0,24.0813,"-0,45137",83.08938110749176,44371.80674592828,78.24451410658307
537.025,4.05974,5.0,24.0813,"-0,4539",83.04208469055366,44595.67553094458,78.14420062695925
540.025,4.0594,5.0,24.0813,"-0,45643",82.99335504885991,44818.48656026057,78.04388714733543
543.025,4.05889,5.0,24.0813,"-0,45897",82.92026058631916,45027.77450488596,77.9435736677116
546.025,4.05856,5.0,24.0813,"-0,4615",82.87296416938106,45250.7102605863,77.84326018808778
549.025,4.05822,5.0,24.18646,"-0,46404",82.82423452768731,45472.575361563526,77.74294670846395
552.025,4.05771,5.0,24.0813,"-0,46658",82.75114006514656,45680.698094462525,77.64263322884013
555.025,4.05738,5.0,23.97615,"-0,46911",82.70384364820846,45902.7008208469,77.5423197492163
558.025,4.05687,5.0,24.0813,"-0,47165",82.63074918566771,46110.02381433222,77.44200626959247
561.025,4.05637,5.0,24.18646,"-0,47418",82.55908794788273,46317.712315960904,77.34169278996865
564.025,4.05586,5.0,24.29162,"-0,47673",82.48599348534198,46524.16247557001,77.24137931034483
567.025,4.05535,5.0,23.87099,"-0,47926",82.41289902280124,46730.174068403874,77.141065830721
570.025,4.05485,5.0,24.0813,"-0,4818",82.34123778501626,46936.564068403895,77.04075235109718
573.025,4.05434,5.0,24.18646,"-0,48433",82.26814332247551,47141.70282736153,76.94043887147336
576.025,4.05384,5.0,24.29162,"-0,48687",82.19648208469053,47347.22859283386,76.84012539184953
579.025,4.05316,5.0,24.0813,"-0,4894",82.09902280130291,47537.38667752442,76.7398119122257
582.025,4.05249,5.0,23.97615,"-0,49194",82.00299674267093,47727.79417915305,76.63949843260188
585.025,4.05198,5.0,24.0813,"-0,49448",81.9299022801303,47931.04108143323,76.53918495297806
588.025,4.05131,5.0,24.18646,"-0,49701",81.83387622149833,48120.36506514655,76.43887147335423
591.025,4.05063,5.0,24.18646,"-0,49955",81.73641693811071,48308.26582084688,76.3385579937304
594.025,4.05013,5.0,23.87099,"-0,50209",81.66475570032573,48510.90650488599,76.23824451410658
597.025,4.04945,5.0,23.87099,"-0,50462",81.5672964169381,48697.71514332247,76.13793103448276
600.025,4.04878,5.0,23.97615,"-0,50715",81.47127035830613,48884.79899674263,76.03761755485894
603.025,4.04811,5.0,23.97615,"-0,50969",81.37524429967428,49071.30669381108,75.93730407523512
606.025,4.04726,5.0,24.0813,"-0,51222",81.25342019543966,49241.60397394132,75.83699059561128
609.025,4.04659,5.0,24.0813,"-0,51476",81.15739413680781,49426.88196416938,75.73667711598746
612.025,4.04591,5.0,24.0813,"-0,5173",81.05993485342017,49610.70662866448,75.63636363636364
615.025,4.04524,5.0,24.0813,"-0,51983",80.9639087947882,49794.82800651461,75.5360501567398
618.025,4.04457,5.0,23.97615,"-0,52237",80.86788273615635,49978.37322801302,75.43573667711598
621.025,4.04372,5.0,24.0813,"-0,5249",80.74605863192184,50145.32106188926,75.33542319749216
624.025,4.04288,5.0,24.0813,"-0,52743",80.625667752443,50312.432319218235,75.23510971786834
627.025,4.04221,5.0,24.0813,"-0,52997",80.52964169381102,50494.09858306185,75.13479623824452
630.025,4.04136,5.0,24.0813,"-0,53251",80.40781758957651,50658.93527687294,75.0344827586207
633.025,4.04052,5.0,24.18646,"-0,53504",80.28742671009766,50823.94829315957,74.93416927899686
636.025,4.03985,5.0,24.0813,"-0,53758",80.19140065146581,51003.73559934854,74.83385579937304
639.025,4.039,5.0,23.97615,"-0,54011",80.0695765472312,51166.46115309441,74.73354231974922
642.025,4.03833,5.0,23.97615,"-0,54265",79.97355048859934,51345.01875244299,74.6332288401254
645.025,4.03732,5.0,23.97615,"-0,54518",79.82879478827361,51491.568358306184,74.53291536050156
648.025,4.03648,5.0,24.0813,"-0,54772",79.70840390879476,51653.03844299672,74.43260188087774
651.025,4.03563,5.0,24.0813,"-0,55026",79.58657980456026,51812.85311726384,74.33228840125392
654.025,4.03479,5.0,24.0813,"-0,55279",79.46618892508141,51972.87421172637,74.2319749216301
657.025,4.03395,5.0,24.18646,"-0,55533",79.34579804560256,52132.17296091202,74.13166144200628
660.025,4.0331,5.0,24.0813,"-0,55786",79.22397394136807,52289.80340065146,74.03134796238245
663.025,4.03226,5.0,24.0813,"-0,5604",79.10358306188921,52447.65315960909,73.93103448275862
666.025,4.03142,5.0,24.0813,"-0,56293",78.98319218241035,52604.78057328985,73.8307210031348
669.025,4.03058,5.0,24.0813,"-0,56547",78.8628013029315,52761.185641693744,73.73040752351098
672.025,4.02956,5.0,24.0813,"-0,568",78.71661237785014,52899.531433224736,73.63009404388714
675.025,4.02872,5.0,24.0813,"-0,57054",78.59622149837128,53054.41441693807,73.52978056426332
678.025,4.02771,5.0,24.0813,"-0,57308",78.45146579804556,53192.055097719836,73.4294670846395
681.025,4.02687,5.0,24.0813,"-0,57561",78.3310749185667,53345.42029641689,73.32915360501568
684.025,4.02602,5.0,24.0813,"-0,57814",78.20925081433221,53497.08278827359,73.22884012539186
687.025,4.02518,5.0,23.97615,"-0,58068",78.08885993485336,53648.99899674263,73.12852664576803
690.025,4.02417,5.0,24.0813,"-0,58322",77.94410423452763,53783.38052442992,73.0282131661442
693.025,4.02316,5.0,23.97615,"-0,58575",77.7993485342019,53916.89351791527,72.92789968652038
696.025,4.02215,5.0,24.0813,"-0,58829",77.65459283387618,54049.53797719866,72.82758620689656
699.025,4.02131,5.0,24.0813,"-0,59082",77.53420195439732,54198.34552117258,72.72727272727272
702.025,4.02029,5.0,24.0813,"-0,59335",77.38801302931594,54328.31984690552,72.6269592476489
705.025,4.01945,5.0,24.0813,"-0,59589",77.2676221498371,54475.605306188896,72.52664576802508
708.025,4.01844,5.0,23.97615,"-0,59842",77.12286644951136,54604.91751791528,72.42633228840126
711.025,4.01743,5.0,23.97615,"-0,60096",76.97811074918565,54733.36119543972,72.32601880877743
714.025,4.01642,5.0,23.87099,"-0,60349",76.83335504885991,54860.9363387622,72.22570532915361
717.025,4.01541,5.0,24.18646,"-0,60603",76.68859934853418,54987.64294788272,72.12539184952978
720.025,4.01439,5.0,24.0813,"-0,60856",76.5424104234527,55112.449065146524,72.02507836990596
723.025,4.01338,5.0,24.0813,"-0,61109",76.39765472312696,55237.41430618887,71.92476489028213
726.025,4.01254,5.0,24.0813,"-0,61363",76.27726384364824,55379.200482084714,71.82445141065831
729.025,4.01153,5.0,24.0813,"-0,61616",76.13250814332238,55502.5017491856,71.72413793103448
732.025,4.01052,5.0,24.0813,"-0,6187",75.98775244299665,55624.93448208462,71.62382445141066
735.025,4.00951,5.0,24.0813,"-0,62123",75.84299674267093,55746.498680781704,71.52351097178683
738.025,4.00849,5.0,24.0813,"-0,62377",75.69680781758956,55866.136589576534,71.42319749216301
741.025,4.00731,5.0,23.97615,"-0,6263",75.52768729641696,55967.904478827375,71.32288401253919
744.025,4.0063,5.0,24.18646,"-0,62884",75.38293159609123,56086.78568078177,71.22257053291537
747.025,4.00529,5.0,24.18646,"-0,63138",75.23817589576538,56204.79834853413,71.12225705329153
750.025,4.00428,5.0,23.97615,"-0,63392",75.09342019543966,56321.94248208463,71.02194357366771
753.025,4.00327,5.0,23.97615,"-0,63645",74.94866449511393,56438.218081433166,70.92163009404389
756.025,4.00226,5.0,24.0813,"-0,63899",74.8039087947882,56553.62514657975,70.82131661442006
759.025,4.00125,5.0,24.18646,"-0,64152",74.65915309446248,56668.16367752438,70.72100313479623
762.025,4.00007,5.0,23.87099,"-0,64406",74.49003257328987,56763.26707166121,70.62068965517241
765.025,3.99906,5.0,23.76583,"-0,64659",74.34527687296415,56875.995439739396,70.52037617554859
768.025,3.99804,5.0,23.97615,"-0,64913",74.1990879478827,56986.75452117261,70.42006269592477
771.025,3.99703,5.0,24.0813,"-0,65167",74.05433224755699,57097.741521172626,70.31974921630095
774.025,3.99585,5.0,24.18646,"-0,6542",73.88521172638433,57189.00100651463,70.21943573667711
777.025,3.99484,5.0,24.0813,"-0,65674",73.7404560260586,57298.177843648176,70.11912225705329
780.025,3.99383,5.0,23.87099,"-0,65928",73.59570032573286,57406.48614657977,70.01880877742947
783.025,3.99265,5.0,23.76583,"-0,66181",73.4265798045602,57494.84765146575,69.91849529780565
786.025,3.99164,5.0,23.97615,"-0,66435",73.28182410423447,57601.3457915309,69.81818181818181
789.025,3.99063,5.0,24.0813,"-0,66688",73.13706840390874,57706.9753973941,69.71786833855799
792.025,3.98962,5.0,24.0813,"-0,66942",72.99231270358302,57811.736469055344,69.61755485893417
795.025,3.9886,5.0,24.0813,"-0,67197",72.84612377850159,57914.489557003224,69.51724137931035
798.025,3.98742,5.0,23.97615,"-0,6745",72.67700325732898,57998.065524429956,69.41692789968653
801.025,3.98641,5.0,23.97615,"-0,67703",72.5322475570032,58100.14359934849,69.31661442006269
804.025,3.98523,5.0,23.97615,"-0,67957",72.3631270358306,58181.7632149837,69.21630094043887
807.025,3.98422,5.0,23.97615,"-0,6821",72.21837133550487,58282.031127035814,69.11598746081505
810.025,3.98304,5.0,24.0813,"-0,68464",72.0492508143322,58361.694390879435,69.01567398119123
813.025,3.98203,5.0,23.97615,"-0,68718",71.90449511400648,58460.15214006512,68.91536050156739
816.025,3.98102,5.0,24.0813,"-0,68971",71.75973941368075,58557.74135504883,68.81504702194357
819.025,3.98001,5.0,23.87099,"-0,69224",71.61498371335502,58654.46203583059,68.71473354231975
822.025,3.979,5.0,23.97615,"-0,69478",71.4702280130293,58750.31418241041,68.61442006269593
825.025,3.97799,5.0,24.0813,"-0,69732",71.32547231270357,58845.29779478826,68.5141065830721
828.025,3.97681,5.0,24.0813,"-0,69986",71.15635179153091,58919.238192182376,68.41379310344828
831.025,3.97579,5.0,24.0813,"-0,70239",71.01016286644948,59011.220596091174,68.31347962382445
834.025,3.97478,5.0,24.0813,"-0,70493",70.86540716612375,59103.52121172636,68.21316614420063
837.025,3.97377,5.0,23.97615,"-0,70747",70.72065146579803,59194.95329315959,68.1128526645768
840.025,3.97276,5.0,23.97615,"-0,71",70.5758957654723,59285.51684039086,68.01253918495297
843.025,3.97175,5.0,23.97615,"-0,71253",70.43114006514656,59375.21185342018,67.91222570532915
846.025,3.97074,5.0,24.0813,"-0,71507",70.28638436482085,59464.03833224755,67.81191222570533
849.025,3.96956,5.0,24.0813,"-0,7176",70.11726384364817,59531.30993485339,67.7115987460815
852.025,3.96871,5.0,24.0813,"-0,72014",69.99543973941368,59637.86454397394,67.61128526645768
855.025,3.9677,5.0,24.0813,"-0,72267",69.8506840390879,59724.08112052113,67.51097178683386
858.025,3.96669,5.0,24.0813,"-0,72521",69.70592833876216,59809.42916286641,67.41065830721003
861.025,3.96568,5.0,23.97615,"-0,72774",69.56117263843643,59893.908671009725,67.3103448275862
864.025,3.96467,5.0,23.97615,"-0,73027",69.41641693811071,59977.519644951106,67.21003134796238
867.025,3.96366,5.0,24.0813,"-0,7328",69.27166123778498,60060.26208469053,67.10971786833856
870.025,3.96265,5.0,24.0813,"-0,73534",69.12690553745925,60142.13599022798,67.00940438871473
873.025,3.96164,5.0,24.18646,"-0,73788",68.98214983713353,60223.1413615635,66.9090909090909
876.025,3.96062,5.0,24.18646,"-0,74041",68.83596091205209,60302.02265798043,66.80877742946709
879.025,3.95978,5.0,24.0813,"-0,74295",68.71557003257324,60402.70394788269,66.70846394984326
882.025,3.95894,5.0,23.97615,"-0,74549",68.59517915309445,60502.66289250813,66.60815047021944
885.025,3.95793,5.0,23.97615,"-0,74802",68.45042345276873,60580.336016286645,66.50783699059562
888.025,3.95692,5.0,24.0813,"-0,75055",68.305667752443,60657.14060586319,66.40752351097179
891.025,3.9559,5.0,23.97615,"-0,75309",68.15947882736157,60731.79962214984,66.30721003134796
894.025,3.95506,5.0,23.97615,"-0,75562",68.0390879478827,60828.64560260584,66.20689655172414
897.025,3.95405,5.0,23.97615,"-0,75816",67.89433224755697,60902.913384364794,66.1065830721003
900.025,3.95321,5.0,23.97615,"-0,7607",67.77394136807813,60998.24157980451,66.00626959247649
903.025,3.95236,5.0,24.0813,"-0,76323",67.65211726384364,61091.5531921824,65.90595611285266
906.025,3.95152,5.0,23.97615,"-0,76576",67.53172638436477,61185.43239739409,65.80564263322884
909.025,3.95051,5.0,23.97615,"-0,76829",67.38697068403906,61256.4410260586,65.70532915360502
912.025,3.94967,5.0,24.0813,"-0,77083",67.2665798045602,61348.80244625401,65.6050156739812
915.025,3.94866,5.0,24.0813,"-0,77336",67.12182410423448,61418.14710097715,65.50470219435736
918.025,3.94781,5.0,23.97615,"-0,7759",66.99999999999999,61507.67499999999,65.40438871473354
921.025,3.94697,5.0,23.76583,"-0,77843",66.87960912052112,61597.79199022797,65.30407523510972
924.025,3.94613,5.0,23.97615,"-0,78096",66.75921824104233,61687.18663517914,65.2037617554859
927.025,3.94529,5.0,24.18646,"-0,7835",66.63882736156349,61775.858934853386,65.10344827586206
930.025,3.94444,5.0,24.0813,"-0,78603",66.51700325732898,61862.475954397385,65.00313479623824
933.025,3.9436,5.0,23.87099,"-0,78857",66.39661237785013,61949.69926384362,64.90282131661442
936.025,3.94259,5.0,23.87099,"-0,7911",66.2518566775244,62013.394146579776,64.8025078369906
939.025,3.94175,5.0,24.18646,"-0,79364",66.13146579804555,62099.099671009724,64.70219435736678
942.025,3.94107,5.0,24.0813,"-0,79617",66.03400651465793,62205.684986970635,64.60188087774294
945.025,3.94023,5.0,24.0813,"-0,79871",65.91361563517916,62290.01461563518,64.50156739811912
948.025,3.93939,5.0,23.97615,"-0,80124",65.7932247557003,62373.62189902277,64.4012539184953
951.025,3.93871,5.0,23.87099,"-0,80378",65.69576547231267,62478.31535830616,64.30094043887148
954.025,3.93787,5.0,23.97615,"-0,80631",65.57537459283388,62560.54674592834,64.20062695924764
957.025,3.93703,5.0,24.0813,"-0,80885",65.45498371335502,62642.05578827359,64.10031347962382
960.025,3.93618,5.0,23.97615,"-0,81139",65.33315960912046,62721.466553745864,64.0
963.025,3.93534,5.0,24.0813,"-0,81392",65.21276872964168,62801.526605863175,63.89968652037618
966.025,3.93467,5.0,23.97615,"-0,81645",65.11674267100976,62904.4013387622,63.79937304075235
969.025,3.93382,5.0,23.97615,"-0,81899",64.9949185667752,62981.70096416934,63.69905956112853
972.025,3.93315,5.0,23.97615,"-0,82152",64.89889250814329,63083.34599022798,63.5987460815047
975.025,3.93231,5.0,23.97615,"-0,82406",64.7785016286645,63160.6585504886,63.49843260188088
978.025,3.93163,5.0,23.97615,"-0,82659",64.68104234527686,63259.67643973941,63.39811912225706
981.025,3.93079,5.0,23.87099,"-0,82913",64.56065146579803,63335.613104234515,63.29780564263323
984.025,3.93011,5.0,24.0813,"-0,83166",64.46319218241041,63433.3926872964,63.19749216300941
987.025,3.92927,5.0,23.97615,"-0,8342",64.34280130293155,63507.95345602601,63.09717868338558
990.025,3.92877,5.0,23.97615,"-0,83674",64.27114006514657,63630.03544299673,62.99686520376176
993.025,3.92792,5.0,24.0813,"-0,83927",64.149315960912,63701.87448208464,62.89655172413793
996.025,3.92725,5.0,23.97615,"-0,84181",64.05328990228008,63798.67807491852,62.79623824451411
999.025,3.92658,5.0,23.97615,"-0,84434",63.95726384364818,63894.90551140062,62.695924764890286
1002.025,3.9259,5.0,24.0813,"-0,84688",63.85980456026056,63989.12066449508,62.59561128526646
1005.025,3.92506,5.0,23.97615,"-0,84941",63.739413680781766,64059.70423452769,62.495297805642636
1008.025,3.92455,5.0,23.97615,"-0,85195",63.666319218241014,64177.2414299674,62.39498432601881
1011.025,3.92388,5.0,24.0813,"-0,85448",63.5702931596091,64271.15564169379,62.294670846394986
1014.025,3.9232,5.0,23.97615,"-0,85702",63.47283387622148,64363.04037133548,62.194357366771165
1017.025,3.92253,5.0,23.87099,"-0,85955",63.376807817589565,64455.79797068403,62.094043887147336
1020.025,3.92186,5.0,23.97615,"-0,86209",63.280781758957644,64547.97941368077,61.993730407523515
1023.025,3.92118,5.0,23.97615,"-0,86462",63.18332247557003,64638.11847557003,61.893416927899686
1026.025,3.92051,5.0,24.0813,"-0,86716",63.0872964169381,64729.14330618892,61.793103448275865
1029.025,3.91983,5.0,23.97615,"-0,8697",62.98983713355049,64818.11715635179,61.692789968652036
1032.025,3.91933,5.0,23.97615,"-0,87224",62.918175895765444,64933.13047882734,61.592476489028215
1035.025,3.91865,5.0,23.97615,"-0,87477",62.82071661237782,65021.01221172636,61.49216300940439
1038.025,3.91798,5.0,24.0813,"-0,8773",62.7246905537459,65109.796912052094,61.391849529780565
1041.025,3.91747,5.0,23.97615,"-0,87984",62.65159609120516,65221.87782084686,61.29153605015674
1044.025,3.9168,5.0,23.97615,"-0,88237",62.555570032573236,65309.57900325728,61.191222570532915
1047.025,3.91612,5.0,23.97615,"-0,88491",62.45811074918562,65395.20340716608,61.09090909090909
1050.025,3.91562,5.0,24.0813,"-0,88745",62.38644951140064,65507.33164820846,60.990595611285265
1053.025,3.91494,5.0,23.97615,"-0,88998",62.28899022801302,65591.86393485342,60.89028213166144
1056.025,3.91444,5.0,23.97615,"-0,89252",62.21732899022798,65703.0548469055,60.78996865203762
1059.025,3.91393,5.0,24.0813,"-0,89505",62.14423452768729,65812.29797068404,60.689655172413794
1062.025,3.91326,5.0,24.0813,"-0,89759",62.048208469055375,65896.74859934855,60.58934169278997
1065.025,3.91275,5.0,23.97615,"-0,90012",61.97511400651462,66005.04579478824,60.489028213166144
1068.025,3.91208,5.0,24.0813,"-0,90266",61.87908794788271,66088.41290553744,60.38871473354232
1071.025,3.91157,5.0,24.0813,"-0,90519",61.80599348534202,66195.76417263845,60.288401253918494
1074.025,3.91107,5.0,24.0813,"-0,90773",61.734332247556985,66304.2161921824,60.18808777429467
1077.025,3.91039,5.0,24.0813,"-0,91027",61.63687296416936,66384.45310423452,60.08777429467085
1080.025,3.90989,5.0,23.97615,"-0,9128",61.56521172638433,66491.96779478824,59.98746081504702
1083.025,3.90938,5.0,24.0813,"-0,91534",61.49211726384364,66597.50029967427,59.8871473354232
1086.025,3.90888,5.0,24.0813,"-0,91787",61.420456026058595,66704.15075570029,59.78683385579937
1089.025,3.9082,5.0,24.18646,"-0,92041",61.32299674267097,66782.27652768727,59.68652037617555
1092.025,3.9077,5.0,23.97615,"-0,92294",61.25133550488599,66887.98965472313,59.58620689655172
1095.025,3.90719,5.0,23.87099,"-0,92548",61.17824104234524,66991.7033973941,59.4858934169279
1098.025,3.90669,5.0,24.0813,"-0,92801",61.10657980456026,67096.55228990229,59.38557993730408
1101.025,3.90618,5.0,24.29162,"-0,93055",61.033485342019524,67199.39319869706,59.28526645768025
1104.025,3.90567,5.0,23.97615,"-0,93308",60.96039087947883,67301.79554071662,59.18495297805643
1107.025,3.90517,5.0,23.76583,"-0,93562",60.88872964169379,67405.34593159608,59.0846394984326
1110.025,3.90449,5.0,23.87099,"-0,93815",60.791270358306164,67479.8298794788,58.98432601880878
1113.025,3.90399,5.0,24.18646,"-0,94069",60.71960912052113,67582.44294136803,58.88401253918495
1116.025,3.90348,5.0,24.18646,"-0,94322",60.64651465798045,67683.02652117264,58.78369905956113
1119.025,3.90298,5.0,23.97615,"-0,94576",60.5748534201954,67784.77534853417,58.68338557993731
1122.025,3.90247,5.0,23.76583,"-0,94829",60.501758957654715,67884.48609446254,58.58307210031348
1125.025,3.90197,5.0,23.97615,"-0,95083",60.43009771986968,67985.3706872964,58.48275862068966
1128.025,3.90146,5.0,24.0813,"-0,95337",60.357003257328984,68084.20859934854,58.38244514106583
1131.025,3.90095,5.0,24.0813,"-0,95592",60.28390879478824,68182.60794462537,58.28213166144201
1134.025,3.90045,5.0,24.18646,"-0,95845",60.212247557003266,68282.19403583063,58.18181818181818
1137.025,3.89994,5.0,23.97615,"-0,96099",60.139153094462515,68379.72054723125,58.08150470219436
1140.025,3.89944,5.0,23.97615,"-0,96352",60.06749185667747,68478.44240390875,57.98119122257054
1143.025,3.89893,5.0,23.97615,"-0,96607",59.99439739413678,68575.0960814332,57.88087774294671
1146.025,3.89843,5.0,23.97615,"-0,96861",59.92273615635174,68672.95370358301,57.78056426332289
1149.025,3.89792,5.0,24.0813,"-0,97114",59.849641693811066,68768.73454723126,57.68025078369906
1152.025,3.89741,5.0,24.29162,"-0,97368",59.77654723127031,68864.07682410418,57.57993730407524
1155.025,3.89674,5.0,24.0813,"-0,97621",59.6805211726384,68932.49396742668,57.47962382445141
1158.025,3.89623,5.0,24.0813,"-0,97875",59.607426710097705,69026.8903159609,57.37931034482759
1161.025,3.89573,5.0,24.0813,"-0,98128",59.53576547231267,69122.51210749183,57.278996865203766
1164.025,3.89522,5.0,24.0813,"-0,98382",59.46267100977199,69216.03562214984,57.17868338557994
1167.025,3.89489,5.0,24.0813,"-0,98635",59.415374592833885,69339.22753420197,57.078369905956116
1170.025,3.89438,5.0,23.97615,"-0,98889",59.342280130293126,69431.95130944622,56.97805642633229
1173.025,3.89387,5.0,24.0813,"-0,99143",59.269185667752446,69524.23651791531,56.877742946708466
1176.025,3.8932,5.0,24.0813,"-0,99396",59.173159609120525,69589.11502931597,56.777429467084644
1179.025,3.89269,5.0,24.0813,"-0,9965",59.10006514657978,69680.45430944623,56.677115987460816
1182.025,3.89219,5.0,24.0813,"-0,99903",59.02840390879474,69773.04913029312,56.576802507836994
1185.025,3.89168,5.0,24.0813,"-1,00156",58.955309446254056,69863.51557654722,56.476489028213166
1188.025,3.89118,5.0,24.0813,"-1,00411",58.88364820846901,69955.2461628664,56.376175548589345
1191.025,3.89067,5.0,24.0813,"-1,00664",58.810553745928324,70044.83977524428,56.275862068965516
1194.025,3.89,5.0,24.0813,"-1,00918",58.71452768729641,70106.6139218241,56.175548589341695
1197.025,3.88949,5.0,24.0813,"-1,01171",58.64143322475566,70195.26160586315,56.07523510971787
1200.025,3.88882,5.0,24.0813,"-1,01424",58.545407166123745,70255.95223452765,55.974921630094045
1203.025,3.88831,5.0,24.0813,"-1,01678",58.472312703583064,70343.65399022802,55.87460815047022
1206.025,3.88781,5.0,24.0813,"-1,01932",58.40065146579803,70432.64568403907,55.774294670846395
1209.025,3.8873,5.0,24.0813,"-1,02185",58.32755700325733,70519.4746058632,55.67398119122257
1212.025,3.8868,5.0,24.0813,"-1,02439",58.255895765472296,70607.60206514657,55.573667711598745
1215.025,3.88629,5.0,24.0813,"-1,02692",58.182801302931544,70693.5581530944,55.47335423197492
1218.025,3.88562,5.0,24.0813,"-1,02945",58.08677524429963,70751.14441693806,55.3730407523511
1221.025,3.88494,5.0,24.0813,"-1,03198",57.989315960912,70806.40452117258,55.27272727272727
1224.025,3.88444,5.0,24.0813,"-1,03452",57.91765472312703,70892.65732247557,55.17241379310345
1227.025,3.88376,5.0,23.97615,"-1,03706",57.8201954397394,70946.82530944624,55.07210031347962
1230.025,3.88326,5.0,24.0813,"-1,03959",57.748534201954364,71032.14078175892,54.9717868338558
1233.025,3.88275,5.0,24.18646,"-1,04212",57.67543973941368,71115.25908469057,54.87147335423197
1236.025,3.88224,5.0,24.0813,"-1,04466",57.60234527687293,71197.93882084687,54.77115987460815
1239.025,3.88157,5.0,24.0813,"-1,04719",57.50631921824102,71251.76716938108,54.67084639498433
1242.025,3.8809,5.0,24.0813,"-1,04973",57.410293159609104,71305.0193615635,54.5705329153605
1245.025,3.88039,5.0,24.0813,"-1,05226",57.33719869706835,71386.24580781753,54.47021943573668
1248.025,3.87972,5.0,24.0813,"-1,0548",57.24117263843644,71438.41448208464,54.36990595611285
1251.025,3.87921,5.0,23.97615,"-1,05734",57.16807817589575,71518.69499999999,54.26959247648903
1254.025,3.87854,5.0,24.0813,"-1,05987",57.07205211726384,71569.78015635179,54.1692789968652
1257.025,3.87803,5.0,23.97615,"-1,06241",56.998957654723085,71649.1147459283,54.06896551724138
1260.025,3.87736,5.0,23.97615,"-1,06494",56.90293159609117,71699.11638436478,53.96865203761756
1263.025,3.87668,5.0,24.29162,"-1,06748",56.80547231270354,71746.73166775239,53.86833855799373
1266.025,3.87601,5.0,24.18646,"-1,07001",56.709446254071636,71795.57669381105,53.76802507836991
1269.025,3.87533,5.0,23.97615,"-1,07255",56.61198697068401,71842.02676547228,53.66771159874608
1272.025,3.87466,5.0,23.97615,"-1,07509",56.515960912052094,71889.71517915306,53.56739811912226
1275.025,3.87415,5.0,24.0813,"-1,07762",56.442866449511406,71966.06579478829,53.46708463949843
1278.025,3.87348,5.0,24.0813,"-1,08016",56.34684039087943,72012.67069055368,53.36677115987461
1281.025,3.87281,5.0,24.18646,"-1,0827",56.25081433224752,72058.69942996738,53.26645768025079
1284.025,3.87213,5.0,24.0813,"-1,08524",56.15335504885989,72102.31171661233,53.16614420062696
1287.025,3.87146,5.0,23.97615,"-1,08778",56.05732899022798,72147.18384364818,53.06583072100314
1290.025,3.87078,5.0,24.0813,"-1,09031",55.95986970684036,72189.63091856673,52.96551724137931
1293.025,3.87011,5.0,24.0813,"-1,09284",55.863843648208444,72233.34643322472,52.86520376175549
1296.025,3.86943,5.0,24.18646,"-1,09538",55.766384364820816,72274.62829641691,52.76489028213166
1299.025,3.86876,5.0,24.0813,"-1,09791",55.6703583061889,72317.18719869704,52.66457680250784
1302.025,3.86809,5.0,23.97615,"-1,10045",55.57433224755698,72359.16994462538,52.56426332288402
1305.025,3.86724,5.0,24.0813,"-1,10299",55.452508143322426,72366.90943973935,52.46394984326019
1308.025,3.86657,5.0,23.97615,"-1,10552",55.35648208469051,72407.66247882732,52.36363636363637
1311.025,3.86573,5.0,24.18646,"-1,10806",55.23609120521172,72415.8964723127,52.26332288401254
1314.025,3.86505,5.0,24.18646,"-1,11059",55.1386319218241,72453.54081107491,52.16300940438872
1317.025,3.86438,5.0,24.0813,"-1,11313",55.042605863192186,72492.4879869707,52.062695924764895
1320.025,3.8637,5.0,24.0813,"-1,11566",54.945146579804565,72528.96711400652,51.96238244514107
1323.025,3.86286,5.0,23.97615,"-1,1182",54.8247557003257,72534.52241042342,51.862068965517246
1326.025,3.86219,5.0,23.97615,"-1,12074",54.72872964169379,72571.66372312701,51.76175548589342
1329.025,3.86134,5.0,24.18646,"-1,12327",54.60690553745929,72573.94263192183,51.661442006269596
1332.025,3.8605,5.0,24.18646,"-1,12581",54.48651465798044,72577.3996872964,51.56112852664577
1335.025,3.85966,5.0,24.18646,"-1,12834",54.36612377850159,72580.13439739408,51.460815047021946
1338.025,3.85898,5.0,23.97615,"-1,13088",54.26866449511397,72612.82981107487,51.360501567398124
1341.025,3.85814,5.0,24.0813,"-1,13341",54.148273615635176,72614.18862540717,51.260188087774296
1344.025,3.8573,5.0,24.0813,"-1,13595",54.02788273615632,72614.8250944625,51.159874608150474
1347.025,3.85645,5.0,24.18646,"-1,13849",53.90605863192182,72612.8086286645,51.059561128526646
1350.025,3.85561,5.0,24.18646,"-1,14102",53.785667752442976,72611.99610749184,50.959247648902824
1353.025,3.85477,5.0,24.0813,"-1,14356",53.66527687296412,72610.46124104229,50.858934169278996
1356.025,3.85376,5.0,23.97615,"-1,14609",53.5205211726384,72575.16472312699,50.758620689655174
1359.025,3.85292,5.0,24.0813,"-1,14863",53.400130293159606,72572.11207166123,50.65830721003135
1362.025,3.85207,5.0,24.18646,"-1,15116",53.27830618892504,72566.38498697063,50.557993730407524
1365.025,3.85123,5.0,24.18646,"-1,1537",53.15791530944626,72561.88334527689,50.4576802507837
1368.025,3.85022,5.0,24.18646,"-1,15624",53.01315960912053,72523.32767426712,50.357366771159874
1371.025,3.84938,5.0,23.97615,"-1,15877",52.89276872964168,72517.308247557,50.25705329153605
1374.025,3.8482,5.0,23.97615,"-1,16131",52.723648208469015,72443.61072964164,50.156739811912225
1377.025,3.84735,5.0,24.18646,"-1,16384",52.60182410423452,72434.02683713354,50.0564263322884
1380.025,3.84634,5.0,24.29162,"-1,16638",52.457068403908785,72392.06582410423,49.95611285266458
1383.025,3.84533,5.0,23.97615,"-1,16891",52.31231270358307,72349.23627687298,49.85579937304075
1386.025,3.84432,5.0,23.97615,"-1,17144",52.167557003257336,72305.53819543976,49.75548589341693
1389.025,3.84314,5.0,24.29162,"-1,17398",51.99843648208467,72227.12823452767,49.6551724137931
1392.025,3.84213,5.0,24.29162,"-1,17651",51.85368078175894,72181.61999022799,49.55485893416928
1395.025,3.84095,5.0,24.0813,"-1,17905",51.68456026058629,72101.2536775244,49.45454545454545
1398.025,3.83977,5.0,23.87099,"-1,18158",51.51543973941369,72019.87264169383,49.35423197492163
1401.025,3.83859,5.0,23.97615,"-1,18411",51.34631921824102,71937.47688273613,49.25391849529781
1404.025,3.83741,5.0,24.29162,"-1,18665",51.17719869706841,71854.06640065149,49.15360501567398
1407.025,3.83623,5.0,24.18646,"-1,18918",51.00807817589575,71769.64119543972,49.05329153605016
1410.025,3.83505,5.0,24.18646,"-1,19172",50.83895765472309,71684.20126710093,48.95297805642633
1413.025,3.8337,5.0,24.0813,"-1,19425",50.645472312703546,71563.31851465793,48.85266457680251
1416.025,3.83235,5.0,23.87099,"-1,19679",50.45198697068401,71441.27485016284,48.75235109717868
1419.025,3.831,5.0,23.97615,"-1,19932",50.25850162866447,71318.07027361561,48.65203761755486
1422.025,3.82965,5.0,24.0813,"-1,20186",50.06501628664493,71193.70478501626,48.55172413793104
1425.025,3.82831,5.0,24.18646,"-1,20439",49.872964169381106,71070.22076547232,48.45141065830721
1428.025,3.82696,5.0,24.18646,"-1,20693",49.67947882736157,70943.53775244301,48.35109717868339
1431.025,3.82561,5.0,24.0813,"-1,20946",49.48599348534202,70815.69382736157,48.25078369905956
1434.025,3.82426,5.0,24.0813,"-1,212",49.292508143322486,70686.68899022804,48.15047021943574
1437.025,3.82274,5.0,23.97615,"-1,21453",49.07465798045601,70521.5103843648,48.05015673981191
1440.025,3.82123,5.0,23.97615,"-1,21707",48.85824104234524,70357.08855700321,47.94984326018809
1443.025,3.81988,5.0,24.0813,"-1,2196",48.664755700325706,70224.45909446251,47.84952978056427
1446.025,3.81836,5.0,24.0813,"-1,22214",48.446905537459294,70055.43657980458,47.74921630094044
1449.025,3.81701,5.0,24.0813,"-1,22468",48.253420195439695,69920.41219869701,47.64890282131662
1452.025,3.8155,5.0,24.0813,"-1,22721",48.03700325732899,69750.92965472314,47.54858934169279
1455.025,3.81415,5.0,24.0813,"-1,22975",47.84351791530945,69613.51465472313,47.44827586206897
1458.025,3.81263,5.0,24.0813,"-1,23228",47.62566775244298,69439.41422475567,47.34796238244514
1461.025,3.81128,5.0,24.0813,"-1,23482",47.43218241042344,69299.6043061889,47.24764890282132
1464.025,3.80976,5.0,23.97615,"-1,23736",47.21433224755696,69122.96276872959,47.1473354231975
1467.025,3.80842,5.0,23.97615,"-1,23989",47.02228013029313,68982.86050814329,47.04702194357367
1470.025,3.80707,5.0,24.0813,"-1,24243",46.82879478827359,68839.49905863189,46.94670846394985
1473.025,3.80589,5.0,24.0813,"-1,24496",46.659674267100996,68730.86668729645,46.84639498432602
1476.025,3.80454,5.0,24.0813,"-1,2475",46.46618892508139,68585.25650814327,46.7460815047022
1479.025,3.80336,5.0,23.97615,"-1,25003",46.297068403908796,68474.52159609122,46.645768025078375
1482.025,3.80201,5.0,24.0813,"-1,25257",46.10358306188925,68326.66268729643,46.54545454545455
1485.025,3.80066,5.0,24.0813,"-1,2551",45.91009771986971,68177.64286644952,46.445141065830725
1488.025,3.79948,5.0,24.18646,"-1,25764",45.740977198697045,68063.71759609117,46.3448275862069
1491.025,3.7983,5.0,24.0813,"-1,26017",45.57185667752439,67948.7776026058,46.244514106583075
1494.025,3.79712,5.0,23.97615,"-1,2627",45.402736156351786,67832.82288599348,46.14420062695925
1497.025,3.79611,5.0,24.0813,"-1,26523",45.25798045602606,67752.32819218242,46.043887147335425
1500.025,3.79493,5.0,24.0813,"-1,26776",45.088859934853396,67634.41712377848,45.943573667711604
1503.025,3.79375,5.0,23.97615,"-1,2703",44.919739413680794,67515.49133224758,45.843260188087775
1506.025,3.79274,5.0,23.97615,"-1,27283",44.774983713355006,67432.24484690548,45.742946708463954
1509.025,3.79156,5.0,23.87099,"-1,27537",44.6058631921824,67311.36270358304,45.642633228840126
1512.025,3.79055,5.0,24.0813,"-1,27791",44.46110749185667,67226.30605537459,45.542319749216304
1515.025,3.78954,5.0,24.18646,"-1,28044",44.31635179153095,67140.38087296418,45.442006269592476
1518.025,3.78853,5.0,24.0813,"-1,28298",44.171596091205224,67053.58715635182,45.341692789968654
1521.025,3.78768,5.0,23.97615,"-1,28551",44.04977198697066,67000.80443648205,45.24137931034483
1524.025,3.78667,5.0,23.87099,"-1,28805",43.90501628664494,66912.34244625406,45.141065830721004
1527.025,3.78549,5.0,23.87099,"-1,29058",43.73589576547227,66785.8062312703,45.04075235109718
1530.025,3.78465,5.0,24.0813,"-1,29312",43.61550488599349,66732.81286319219,44.940438871473354
1533.025,3.78364,5.0,24.0813,"-1,29565",43.470749185667756,66641.74527035831,44.84012539184953
1536.025,3.78279,5.0,24.0813,"-1,29819",43.348925081433194,66585.03264820842,44.739811912225704
1539.025,3.78178,5.0,23.97615,"-1,30073",43.20416938110747,66492.29678175892,44.63949843260188
1542.025,3.78094,5.0,23.97615,"-1,30326",43.08377850162868,66436.26354397397,44.53918495297806
1545.025,3.7801,5.0,23.87099,"-1,3058",42.963387622149824,66379.50796091203,44.43887147335423
1548.025,3.77909,5.0,24.0813,"-1,30834",42.8186319218241,66284.31268078176,44.33855799373041
1551.025,3.77824,5.0,24.18646,"-1,31087",42.69680781758954,66223.81634527682,44.23824451410658
1554.025,3.77723,5.0,24.0813,"-1,3134",42.55205211726381,66126.9527915309,44.13793103448276
1557.025,3.77656,5.0,24.0813,"-1,31594",42.4560260586319,66105.09397394133,44.03761755485893
1560.025,3.77555,5.0,23.97615,"-1,31847",42.31127035830617,66006.63954071658,43.93730407523511
1563.025,3.77487,5.0,23.87099,"-1,32101",42.213811074918546,65981.24205537456,43.83699059561129
1566.025,3.77403,5.0,23.97615,"-1,32354",42.093420195439755,65919.34836156355,43.73667711598746
1569.025,3.77302,5.0,24.0813,"-1,32607",41.94866449511397,65818.5033094462,43.63636363636364
1572.025,3.77218,5.0,24.18646,"-1,3286",41.82827361563518,65755.0918306189,43.53605015673981
1575.025,3.77133,5.0,24.0813,"-1,33114",41.70644951140062,65688.70064169377,43.43573667711599
1578.025,3.77049,5.0,23.97615,"-1,33367",41.58605863192183,65623.84017263845,43.33542319749216
1581.025,3.76982,5.0,23.87099,"-1,3362",41.49003257328991,65596.77874918569,43.23510971786834
1584.025,3.76897,5.0,23.87099,"-1,33874",41.368208469055354,65528.27642019541,43.13479623824452
1587.025,3.76813,5.0,23.97615,"-1,34128",41.24781758957657,65461.31771009776,43.03448275862069
1590.025,3.76729,5.0,24.0813,"-1,34381",41.12742671009771,65393.636654723115,42.93416927899687
1593.025,3.76644,5.0,23.97615,"-1,34635",41.00560260586315,65322.95009120515,42.83385579937304
1596.025,3.7656,5.0,23.87099,"-1,34889",40.88521172638436,65253.8200456026,42.73354231974922
1599.025,3.76476,5.0,23.97615,"-1,35142",40.76482084690551,65183.967654723085,42.63322884012539
1602.025,3.76408,5.0,23.97615,"-1,35395",40.667361563517886,65150.12990879475,42.53291536050157
1605.025,3.76341,5.0,24.18646,"-1,35649",40.57133550488597,65118.007768729614,42.43260188087775
1608.025,3.76257,5.0,23.87099,"-1,35903",40.45094462540718,65046.130231270385,42.33228840125392
1611.025,3.76172,5.0,23.76583,"-1,36156",40.32912052117262,64971.22138762212,42.2319749216301
1614.025,3.76088,5.0,24.18646,"-1,36409",40.208729641693765,64897.89485993478,42.13166144200627
1617.025,3.76021,5.0,24.39678,"-1,36663",40.11270358306185,64863.2445114006,42.03134796238245
1620.025,3.75937,5.0,23.76583,"-1,36916",39.99231270358306,64788.54638762215,41.931034482758626
1623.025,3.75852,5.0,23.97615,"-1,3717",39.870488599348505,64710.79975895761,41.8307210031348
1626.025,3.75785,5.0,24.39678,"-1,37423",39.77446254071659,64674.2704527687,41.730407523510976
1629.025,3.75701,5.0,24.0813,"-1,37677",39.6540716612378,64597.474087947914,41.63009404388715
1632.025,3.75633,5.0,23.66067,"-1,3793",39.55661237785017,64557.38031596093,41.529780564263326
1635.025,3.75549,5.0,24.0813,"-1,38184",39.436221498371324,64479.208055374576,41.4294670846395
1638.025,3.75465,5.0,24.29162,"-1,38437",39.31583061889247,64400.31344951134,41.32915360501568
1641.025,3.7538,5.0,24.39678,"-1,3869",39.19400651465797,64318.3445407166,41.228840125391855
1644.025,3.75313,5.0,23.87099,"-1,38944",39.09798045602606,64278.05731921824,41.12852664576803
1647.025,3.75229,5.0,23.76583,"-1,39197",38.97758957654721,64197.064472312675,41.028213166144205
1650.025,3.75161,5.0,23.97615,"-1,3945",38.88013029315958,64153.18698697064,40.92789968652038
1653.025,3.75094,5.0,24.0813,"-1,39704",38.78410423452767,64111.0939022801,40.827586206896555
1656.025,3.75009,5.0,24.18646,"-1,39958",38.66228013029317,64025.702452768746,40.72727272727273
1659.025,3.74925,5.0,24.0813,"-1,40211",38.54188925081432,63941.957814332236,40.626959247648905
1662.025,3.74841,5.0,24.0813,"-1,40465",38.42149837133547,63857.49083061883,40.526645768025084
1665.025,3.74757,5.0,23.97615,"-1,40718",38.301107491856676,63772.301501628666,40.426332288401255
1668.025,3.74689,5.0,23.87099,"-1,40972",38.203648208469055,63724.6403029316,40.326018808777434
1671.025,3.74605,5.0,23.97615,"-1,41225",38.0832573289902,63638.075078175854,40.225705329153605
1674.025,3.74537,5.0,24.0813,"-1,41478",37.98579804560258,63589.17557328986,40.125391849529784
1677.025,3.74453,5.0,24.0813,"-1,41732",37.86540716612379,63501.234452768746,40.025078369905955
1680.025,3.74369,5.0,24.0813,"-1,41985",37.74501628664493,63412.570986970655,39.924764890282134
1683.025,3.74301,5.0,24.18646,"-1,42239",37.64755700325731,63361.77962540714,39.82445141065831
1686.025,3.74217,5.0,24.0813,"-1,42493",37.52716612377853,63271.7402638437,39.724137931034484
1689.025,3.7415,5.0,23.97615,"-1,42746",37.43114006514654,63222.131348534145,39.62382445141066
1692.025,3.74066,5.0,23.97615,"-1,43",37.31074918566775,63130.72039087948,39.523510971786834
1695.025,3.73981,5.0,24.0813,"-1,43253",37.1889250814332,63036.15773615631,39.42319749216301
1698.025,3.73914,5.0,24.0813,"-1,43507",37.092899022801284,62984.66986319215,39.322884012539184
1701.025,3.7383,5.0,24.18646,"-1,4376",36.97250814332249,62891.160664495146,39.22257053291536
1704.025,3.73745,5.0,24.0813,"-1,44014",36.85068403908793,62794.486869706816,39.12225705329154
1707.025,3.73661,5.0,23.87099,"-1,44267",36.73029315960914,62699.5286807818,39.02194357366771
1710.025,3.73594,5.0,23.97615,"-1,44521",36.63426710097716,62645.512599348476,38.92163009404389
1713.025,3.73509,5.0,23.97615,"-1,44774",36.512442996742664,62546.727664495105,38.82131661442006
1716.025,3.73442,5.0,24.0813,"-1,45028",36.41641693811075,62491.4818762215,38.72100313479624
1719.025,3.73358,5.0,24.18646,"-1,45282",36.2960260586319,62393.77619543971,38.62068965517241
1722.025,3.7329,5.0,24.0813,"-1,45535",36.198566775244274,62334.83695114002,38.52037617554859
1725.025,3.73206,5.0,23.97615,"-1,45789",36.07817589576548,62235.75537459285,38.42006269592477
1728.025,3.73122,5.0,24.0813,"-1,46042",35.957785016286635,62135.95145276871,38.31974921630094
1731.025,3.73037,5.0,24.18646,"-1,46295",35.83596091205214,62032.94423778505,38.21943573667712
1734.025,3.7297,5.0,24.18646,"-1,46549",35.73993485342016,61973.940534201894,38.11912225705329
1737.025,3.72886,5.0,24.0813,"-1,46802",35.61954397394137,61872.03837133551,38.01880877742947
1740.025,3.72818,5.0,23.97615,"-1,47056",35.52208469055375,61809.315413680786,37.91849529780564
1743.025,3.72734,5.0,23.97615,"-1,47309",35.40169381107489,61706.037355048815,37.81818181818182
1746.025,3.7265,5.0,23.97615,"-1,47563",35.28130293159611,61602.0369511401,37.717868338558
1749.025,3.72565,5.0,24.0813,"-1,47816",35.15947882736154,61494.80745602602,37.61755485893417
1752.025,3.72481,5.0,24.0813,"-1,4807",35.039087947882756,61389.35806188929,37.51724137931035
1755.025,3.72414,5.0,23.97615,"-1,48324",34.94306188925078,61325.94719218235,37.41692789968652
1758.025,3.72329,5.0,24.0813,"-1,48578",34.82123778501628,61216.60655700325,37.3166144200627
1761.025,3.72262,5.0,23.97615,"-1,48831",34.725211726384366,61151.96598045603,37.21630094043887
1764.025,3.72178,5.0,23.97615,"-1,49085",34.60482084690551,61043.7690944625,37.11598746081505
1767.025,3.7211,5.0,23.97615,"-1,49338",34.50736156351789,60975.3705667752,37.01567398119123
1770.025,3.72026,5.0,24.18646,"-1,49592",34.3869706840391,60865.79778501631,36.9153605015674
1773.025,3.71942,5.0,24.0813,"-1,49846",34.266579804560244,60755.50265798043,36.81504702194358
1776.025,3.71857,5.0,23.97615,"-1,50099",34.144755700325746,60641.939742671035,36.71473354231975
1779.025,3.7179,5.0,23.97615,"-1,50353",34.04872964169383,60573.54125081437,36.61442006269593
1782.025,3.71706,5.0,24.0813,"-1,50606",33.928338762214985,60461.147882736164,36.514106583072106
1785.025,3.71638,5.0,24.0813,"-1,5086",33.830879478827356,60388.9656416938,36.41379310344828
1788.025,3.71554,5.0,24.0813,"-1,51114",33.7104885993485,60275.19637785011,36.313479623824456
1791.025,3.7147,5.0,24.0813,"-1,51367",33.59009771986972,60160.704768729665,36.21316614420063
1794.025,3.71385,5.0,23.97615,"-1,5162",33.468273615635155,60042.91957328986,36.112852664576806
1797.025,3.71318,5.0,23.97615,"-1,51874",33.37224755700324,59970.763166123754,36.01253918495298
1800.025,3.71234,5.0,24.18646,"-1,52128",33.25185667752445,59854.17331596095,35.912225705329156
1803.025,3.71166,5.0,24.0813,"-1,52381",33.15439739413683,59778.20736156356,35.811912225705335
1806.025,3.71082,5.0,23.97615,"-1,52635",33.034006514657975,59660.24161563517,35.711598746081506
1809.025,3.71015,5.0,23.97615,"-1,52889",32.93798045602606,59585.63009446255,35.611285266457685
1812.025,3.7093,5.0,24.0813,"-1,53142",32.816156351791506,59463.69571335501,35.510971786833856
1815.025,3.70846,5.0,24.0813,"-1,53396",32.695765472312715,59343.63172638439,35.410658307210035
1818.025,3.70779,5.0,24.0813,"-1,5365",32.599739413680794,59267.141247557025,35.310344827586206
1821.025,3.70694,5.0,24.0813,"-1,53904",32.47791530944623,59143.09572638433,35.210031347962385
1824.025,3.70627,5.0,23.97615,"-1,54157",32.381889250814325,59065.3755407166,35.109717868338564
1827.025,3.70543,5.0,23.97615,"-1,5441",32.26149837133546,58942.56406188918,35.009404388714735
1830.025,3.70475,5.0,24.0813,"-1,54664",32.164039087947906,58860.99563192187,34.909090909090914
1833.025,3.70391,5.0,24.0813,"-1,54917",32.04364820846905,58736.80825732899,34.808777429467085
1836.025,3.70307,5.0,24.0813,"-1,5517",31.9232573289902,58611.89853745924,34.708463949843264
1839.025,3.70239,5.0,24.0813,"-1,55425",31.82579804560258,58528.43825081429,34.608150470219435
1842.025,3.70155,5.0,23.97615,"-1,55679",31.70540716612379,58402.152635179176,34.507836990595614
1845.025,3.70088,5.0,24.0813,"-1,55932",31.609381107491878,58320.098377850205,34.40752351097179
1848.025,3.70003,5.0,24.0813,"-1,56186",31.48755700325731,58189.79253094459,34.307210031347964
1851.025,3.69936,5.0,23.97615,"-1,56439",31.3915309446254,58106.508566775236,34.20689655172414
1854.025,3.69852,5.0,23.97615,"-1,56692",31.271140065146547,57977.47545928333,34.106583072100314
1857.025,3.69784,5.0,24.0813,"-1,56946",31.17368078175892,57890.30455374587,34.00626959247649
1860.025,3.697,5.0,23.97615,"-1,572",31.05328990228013,57759.8955504886,33.905956112852664
1863.025,3.69632,5.0,24.0813,"-1,57453",30.955830618892513,57671.486338762224,33.80564263322884
1866.025,3.69548,5.0,23.97615,"-1,57707",30.83543973941366,57539.70143973937,33.70532915360502
1869.025,3.69481,5.0,23.97615,"-1,57961",30.73941368078174,57452.7326547231,33.60501567398119
1872.025,3.69413,5.0,24.0813,"-1,58214",30.64195439739412,57362.50468078173,33.50470219435737
1875.025,3.69346,5.0,23.97615,"-1,58468",30.545928338762202,57274.3792833876,33.40438871473354
1878.025,3.69262,5.0,23.97615,"-1,58721",30.42553745928335,57139.91998697062,33.30407523510972
1881.025,3.69194,5.0,23.97615,"-1,58975",30.328078175895794,57047.87325081439,33.20376175548589
1884.025,3.6911,5.0,24.0813,"-1,59228",30.207687296416943,56912.03805863193,33.10344827586207
1887.025,3.69042,5.0,24.18646,"-1,59482",30.110228013029314,56818.753016286646,33.00313479623825
1890.025,3.68975,5.0,24.0813,"-1,59735",30.014201954397404,56727.59204885996,32.90282131661442
1893.025,3.68908,5.0,23.87099,"-1,59989",29.918175895765486,56635.85492508146,32.8025078369906
1896.025,3.6884,5.0,23.97615,"-1,60242",29.820716612377865,56540.824214983746,32.70219435736677
1899.025,3.68756,5.0,24.0813,"-1,60496",29.700325732899014,56401.66107491855,32.60188087774295
1902.025,3.68688,5.0,24.0813,"-1,60749",29.60286644951139,56305.3920586319,32.50156739811912
1905.025,3.68604,5.0,24.0813,"-1,61002",29.482475570032598,56164.853022801355,32.4012539184953
1908.025,3.68537,5.0,24.0813,"-1,61256",29.386449511400624,56070.08032899018,32.30094043887148
1911.025,3.68469,5.0,23.97615,"-1,61509",29.288990228013,55971.99255048855,32.20062695924765
1914.025,3.68402,5.0,24.0813,"-1,61763",29.19296416938108,55876.06324429963,32.10031347962383
1917.025,3.68335,5.0,24.0813,"-1,62016",29.096938110749168,55779.55778175893,32.0
1920.025,3.68267,5.0,23.87099,"-1,6227",28.999478827361543,55679.72433550485,31.89968652037618
1923.025,3.68183,5.0,23.97615,"-1,62524",28.879087947882756,55535.20810097724,31.799373040752357
1926.025,3.68115,5.0,24.18646,"-1,62777",28.78162866449513,55434.13634853424,31.699059561128536
1929.025,3.68048,5.0,24.18646,"-1,63031",28.685602605863213,55335.24456677529,31.5987460815047
1932.025,3.67981,5.0,24.0813,"-1,63285",28.58957654723124,55235.77662866444,31.49843260188088
1935.025,3.67913,5.0,23.87099,"-1,63538",28.492117263843614,55132.959208468994,31.398119122257057
1938.025,3.67846,5.0,23.87099,"-1,63792",28.3960912052117,55032.334657980406,31.297805642633236
1941.025,3.67778,5.0,23.97615,"-1,64045",28.298631921824075,54928.35202605858,31.1974921630094
1944.025,3.67711,5.0,24.18646,"-1,64298",28.202605863192165,54826.57086319215,31.09717868338558
1947.025,3.67643,5.0,24.18646,"-1,64552",28.10514657980454,54721.42301954394,30.996865203761757
1950.025,3.67576,5.0,24.18646,"-1,64805",28.009120521172623,54618.48524429965,30.896551724137936
1953.025,3.67509,5.0,24.0813,"-1,65059",27.91309446254071,54514.97131270357,30.796238244514115
1956.025,3.67441,5.0,23.97615,"-1,65313",27.815635179153084,54408.07780130291,30.69592476489028
1959.025,3.67374,5.0,24.0813,"-1,65566",27.71960912052117,54303.40725732899,30.595611285266457
1962.025,3.67323,5.0,24.0813,"-1,65819",27.646514657980486,54243.15292182416,30.495297805642636
1965.025,3.67256,5.0,23.97615,"-1,66074",27.550488599348505,54137.3988599348,30.394984326018815
1968.025,3.67171,5.0,24.0813,"-1,66327",27.428664495114006,53980.29744299674,30.294670846394993
1971.025,3.67104,5.0,24.18646,"-1,66581",27.332638436482096,53873.31367426713,30.194357366771158
1974.025,3.67037,5.0,24.0813,"-1,66834",27.23661237785018,53765.7537491857,30.094043887147336
1977.025,3.66986,5.0,24.0813,"-1,67088",27.16351791530943,53702.95400651463,29.993730407523515
1980.025,3.66919,5.0,24.18646,"-1,67342",27.067491856677513,53594.310563517894,29.893416927899693
1983.025,3.66868,5.0,24.0813,"-1,67595",26.994397394136826,53530.564892508184,29.793103448275858
1986.025,3.66801,5.0,24.0813,"-1,67849",26.898371335504915,53420.83793159615,29.692789968652036
1989.025,3.66733,5.0,24.0813,"-1,68102",26.80091205211729,53307.684094462595,29.592476489028215
1992.025,3.66666,5.0,24.0813,"-1,68356",26.70488599348531,53196.800521172576,29.492163009404393
1995.025,3.66598,5.0,24.0813,"-1,6861",26.60742671009769,53082.48147231265,29.391849529780572
1998.025,3.66531,5.0,24.18646,"-1,68863",26.511400651465774,52970.441286644906,29.291536050156736
2001.025,3.6648,5.0,24.0813,"-1,69116",26.438306188925086,52903.71164169382,29.191222570532915
2004.025,3.66413,5.0,24.0813,"-1,6937",26.342280130293172,52790.58793811078,29.090909090909093
2007.025,3.66362,5.0,24.0813,"-1,69624",26.26918566775242,52722.912364820804,28.990595611285272
2010.025,3.66295,5.0,24.0813,"-1,69877",26.17315960912051,52608.705143322455,28.89028213166145
2013.025,3.66228,5.0,24.0813,"-1,70131",26.077133550488593,52493.9217654723,28.789968652037615
2016.025,3.6616,5.0,23.97615,"-1,70385",25.97967426710097,52375.67281433224,28.689655172413794
2019.025,3.6611,5.0,24.0813,"-1,70638",25.90801302931593,52308.9260065146,28.589341692789972
2022.025,3.66042,5.0,23.97615,"-1,70892",25.810553745928306,52189.58493811069,28.48902821316615
2025.025,3.65992,5.0,23.97615,"-1,71145",25.73889250814333,52121.90080130295,28.38871473354233
2028.025,3.65924,5.0,24.0813,"-1,71399",25.641433224755705,52001.46761563519,28.288401253918494
2031.025,3.65874,5.0,24.0813,"-1,71653",25.569771986970665,51932.846149837096,28.188087774294672
2034.025,3.65806,5.0,23.97615,"-1,71906",25.472312703583043,51811.3208469055,28.08777429467085
2037.025,3.65739,5.0,24.0813,"-1,72161",25.376286644951126,51692.13030293157,27.98746081504703
2040.025,3.65671,5.0,23.97615,"-1,72414",25.2788273615635,51569.43978827358,27.887147335423194
2043.025,3.65621,5.0,24.0813,"-1,72667",25.207166123778528,51498.87057003263,27.786833855799372
2046.025,3.6557,5.0,23.97615,"-1,72921",25.134071661237776,51424.93897068402,27.68652037617555
2049.025,3.6552,5.0,24.0813,"-1,73174",25.062410423452736,51353.50551791525,27.58620689655173
2052.025,3.65452,5.0,24.0813,"-1,73428",24.96495114006518,51228.70386319225,27.485893416927908
2055.025,3.65402,5.0,24.0813,"-1,73682",24.893289902280134,51156.33308143324,27.385579937304072
2058.025,3.65334,5.0,24.0813,"-1,73936",24.795830618892513,51030.439309446265,27.28526645768025
2061.025,3.65267,5.0,24.0813,"-1,74191",24.699804560260596,50906.91469381109,27.18495297805643
2064.025,3.65216,5.0,23.97615,"-1,74444",24.626710097719847,50830.14530944621,27.084639498432608
2067.025,3.65166,5.0,24.0813,"-1,74698",24.55504885993487,50755.89986970688,26.984326018808787
2070.025,3.65115,5.0,24.0813,"-1,74952",24.481954397394123,50678.25765146577,26.88401253918495
2073.025,3.65048,5.0,23.97615,"-1,75205",24.385928338762206,50552.639094462524,26.78369905956113
2076.025,3.64997,5.0,24.0813,"-1,75459",24.312833876221518,50474.05094788278,26.68338557993731
2079.025,3.6493,5.0,23.97615,"-1,75713",24.216807817589608,50347.348872964234,26.583072100313487
2082.025,3.64862,5.0,23.97615,"-1,75967",24.119348534201983,50217.086631921884,26.48275862068965
2085.025,3.64812,5.0,24.0813,"-1,7622",24.047687296416942,50140.02920521174,26.38244514106583
2088.025,3.64761,5.0,23.97615,"-1,76474",23.97459283387619,50059.54920195434,26.28213166144201
2091.025,3.6471,5.0,23.97615,"-1,76728",23.901498371335503,49978.63063192182,26.181818181818187
2094.025,3.6466,5.0,24.0813,"-1,76982",23.829837133550463,49900.27470358301,26.081504702194366
2097.025,3.64593,5.0,24.0813,"-1,77235",23.733811074918552,49770.39516938108,25.98119122257053
2100.025,3.64542,5.0,24.0813,"-1,77489",23.660716612377865,49688.09640390883,25.88087774294671
2103.025,3.64491,5.0,23.97615,"-1,77742",23.587622149837113,49605.359071661194,25.780564263322887
2106.025,3.64424,5.0,23.97615,"-1,77996",23.491596091205203,49473.88865798044,25.680250783699066
2109.025,3.64373,5.0,24.18646,"-1,78249",23.41850162866451,49390.20539739417,25.579937304075244
2112.025,3.64323,5.0,24.0813,"-1,78503",23.346840390879475,49309.110576547224,25.47962382445141
2115.025,3.64272,5.0,23.97615,"-1,78757",23.273745928338787,49224.55448208474,25.379310344827587
2118.025,3.64222,5.0,23.97615,"-1,79011",23.202084690553747,49142.595426710104,25.278996865203766
2121.025,3.64154,5.0,23.97615,"-1,79264",23.10462540716612,49005.48810423452,25.178683385579944
2124.025,3.64104,5.0,23.97615,"-1,79518",23.032964169381085,48922.59171986966,25.07836990595611
2127.025,3.64053,5.0,23.97615,"-1,79771",22.959869706840397,48836.216863192196,24.978056426332287
2130.025,3.64003,5.0,23.97615,"-1,80025",22.888208469055357,48752.45624429964,24.877742946708466
2133.025,3.63952,5.0,24.0813,"-1,80278",22.81511400651467,48665.20855374596,24.777429467084644
2136.025,3.63901,5.0,23.87099,"-1,80532",22.74201954397392,48577.52229641689,24.677115987460823
2139.025,3.63851,5.0,23.97615,"-1,80786",22.670358306188945,48492.463175895806,24.576802507836987
2142.025,3.638,5.0,24.0813,"-1,81039",22.597263843648193,48403.90408469052,24.476489028213166
2145.025,3.63733,5.0,24.0813,"-1,81293",22.50123778501628,48265.71757980455,24.376175548589345
2148.025,3.63682,5.0,24.0813,"-1,81546",22.428143322475595,48176.21256026064,24.275862068965523
2151.025,3.63632,5.0,23.97615,"-1,81799",22.35648208469055,48089.351876221495,24.1755485893417
2154.025,3.63581,5.0,23.97615,"-1,82053",22.283387622149867,47998.97402280137,24.075235109717866
2157.025,3.63531,5.0,24.18646,"-1,82306",22.211726384364827,47911.24910423454,23.974921630094045
2160.025,3.6348,5.0,24.0813,"-1,8256",22.13863192182408,47819.998416938055,23.874608150470223
2163.025,3.63429,5.0,24.0813,"-1,82814",22.06553745928339,47728.309162866455,23.774294670846402
2166.025,3.63379,5.0,23.97615,"-1,83068",21.99387622149835,47639.28574267097,23.67398119122258
2169.025,3.63311,5.0,23.87099,"-1,83322",21.896416938110725,47493.875749185616,23.573667711598745
2172.025,3.63261,5.0,24.0813,"-1,83575",21.82475570032575,47403.91500000004,23.473354231974923
2175.025,3.6321,5.0,24.18646,"-1,83829",21.751661237785,47310.40698371332,23.373040752351102
2178.025,3.63177,5.0,24.18646,"-1,84083",21.704364820846898,47272.64918892507,23.27272727272728
2181.025,3.63126,5.0,23.97615,"-1,84337",21.63127035830621,47178.34143322481,23.172413793103445
2184.025,3.63075,5.0,23.87099,"-1,84591",21.558175895765462,47083.595110749164,23.072100313479623
2187.025,3.63008,5.0,23.97615,"-1,84844",21.462149837133545,46938.258247556994,22.971786833855802
2190.025,3.62957,5.0,24.0813,"-1,85098",21.38905537459286,46842.565996742735,22.87147335423198
2193.025,3.62907,5.0,24.18646,"-1,85351",21.31739413680782,46749.57827687297,22.77115987460816
2196.025,3.62856,5.0,24.18646,"-1,85605",21.244299674267072,46653.01319218235,22.670846394984324
2199.025,3.62806,5.0,23.97615,"-1,85859",21.172638436482092,46559.16123778503,22.570532915360502
2202.025,3.62755,5.0,23.97615,"-1,86113",21.099543973941344,46461.72331921819,22.47021943573668
2205.025,3.62705,5.0,23.97615,"-1,86366",21.027882736156368,46367.0071302932,22.36990595611286
2208.025,3.62654,5.0,24.18646,"-1,8662",20.95478827361562,46268.69637785013,22.269592476489038
2211.025,3.62604,5.0,24.0813,"-1,86873",20.88312703583064,46173.11595439744,22.169278996865202
2214.025,3.62553,5.0,24.0813,"-1,87127",20.81003257328989,46073.93236807815,22.06896551724138
2217.025,3.62502,5.0,23.97615,"-1,87381",20.736938110749204,45974.31021498376,21.96865203761756
2220.025,3.62452,5.0,23.97615,"-1,87635",20.665276872964167,45877.43128990228,21.868338557993738
2223.025,3.62401,5.0,23.97615,"-1,87889",20.59218241042348,45776.93630293166,21.768025078369902
2226.025,3.62368,5.0,24.0813,"-1,88142",20.544885993485313,45733.42984364815,21.66771159874608
2229.025,3.62317,5.0,23.97615,"-1,88396",20.471791530944625,45632.135117263846,21.56739811912226
2232.025,3.6225,5.0,23.97615,"-1,88649",20.375765472312715,45479.21792833879,21.467084639498438
2235.025,3.62199,5.0,23.97615,"-1,88903",20.302671009771963,45376.97727361559,21.366771159874617
2238.025,3.62148,5.0,24.0813,"-1,89156",20.229576547231275,45274.29805211728,21.26645768025078
2241.025,3.62098,5.0,24.0813,"-1,8941",20.157915309446235,45174.39215635175,21.16614420062696
2244.025,3.62064,5.0,24.0813,"-1,89664",20.109185667752424,45125.51536807814,21.065830721003138
2247.025,3.62014,5.0,24.0813,"-1,89917",20.037524429967448,45024.8183322476,20.965517241379317
2250.025,3.61963,5.0,23.97615,"-1,90171",19.964429967426696,44920.46653745925,20.865203761755495
2253.025,3.61912,5.0,23.97615,"-1,90424",19.891335504886012,44815.67617589581,20.76489028213166
2256.025,3.61862,5.0,24.0813,"-1,90677",19.81967426710097,44713.68063843647,20.66457680250784
2259.025,3.61811,5.0,24.0813,"-1,90931",19.746579804560284,44608.017442996796,20.564263322884017
2262.025,3.61761,5.0,24.0813,"-1,91185",19.674918566775244,44505.15767100977,20.463949843260195
2265.025,3.6171,5.0,24.0813,"-1,91439",19.60182410423456,44398.621641693884,20.36363636363636
2268.025,3.61676,5.0,24.0813,"-1,91693",19.553094462540745,44346.907068403976,20.26332288401254
2271.025,3.61626,5.0,23.97615,"-1,91946",19.48143322475571,44242.82188925084,20.163009404388717
2274.025,3.61575,5.0,24.0813,"-1,922",19.408338762214957,44135.04755374587,20.062695924764895
2277.025,3.61525,5.0,24.0813,"-1,92453",19.33667752442998,44030.09814006518,19.962382445141074
2280.025,3.61457,5.0,24.0813,"-1,92708",19.239218241042355,43865.898570032594,19.86206896551724
2283.025,3.61407,5.0,24.0813,"-1,92961",19.167557003257315,43760.01182736153,19.761755485893417
2286.025,3.61373,5.0,24.0813,"-1,93214",19.118827361563504,43706.11731921821,19.661442006269596
2289.025,3.61322,5.0,23.97615,"-1,93467",19.045732899022816,43596.158749185706,19.561128526645774
2292.025,3.61272,5.0,23.97615,"-1,9372",18.974071661237776,43489.04659934851,19.460815047021953
2295.025,3.61221,5.0,23.97615,"-1,93974",18.900977198697092,43378.21519543979,19.360501567398117
2298.025,3.61171,5.0,24.0813,"-1,94227",18.82931596091205,43270.238811074916,19.260188087774296
2301.025,3.6112,5.0,24.18646,"-1,94481",18.756221498371367,43158.53457328998,19.159874608150474
2304.025,3.6107,5.0,24.0813,"-1,94735",18.684560260586323,43049.69395439741,19.059561128526653
2307.025,3.61019,5.0,24.0813,"-1,94989",18.611465798045575,42937.116882736096,18.959247648902817
2310.025,3.60968,5.0,23.97615,"-1,95242",18.538371335504888,42824.10124429968,18.858934169278996
2313.025,3.60935,5.0,23.97615,"-1,95496",18.491074918566785,42770.31856351794,18.758620689655174
2316.025,3.60884,5.0,23.97615,"-1,9575",18.417980456026037,42656.5031856677,18.658307210031353
2319.025,3.60834,5.0,23.97615,"-1,96003",18.346319218241057,42545.57292508147,18.55799373040753
2322.025,3.60783,5.0,24.0813,"-1,96257",18.273224755700312,42430.884713355015,18.457680250783696
2325.025,3.60733,5.0,23.97615,"-1,9651",18.201563517915332,42319.090218241094,18.357366771159874
2328.025,3.60682,5.0,23.97615,"-1,96764",18.128469055374584,42203.52917263842,18.257053291536053
2331.025,3.60631,5.0,23.97615,"-1,97017",18.055374592833896,42087.529560260635,18.15673981191223
2334.025,3.60598,5.0,23.87099,"-1,9727",18.008078175895797,42031.30466449519,18.05642633228841
2337.025,3.60547,5.0,23.87099,"-1,97523",17.934983713355045,41914.50531270358,17.956112852664575
2340.025,3.60497,5.0,23.97615,"-1,97777",17.863322475570005,41800.6211758957,17.855799373040753
2343.025,3.60429,5.0,24.0813,"-1,9803",17.765863192182444,41625.86160586327,17.75548589341693
2346.025,3.60379,5.0,24.0813,"-1,98284",17.694201954397407,41511.040140065175,17.65517241379311
2349.025,3.60328,5.0,23.97615,"-1,98537",17.62110749185665,41392.42202605857,17.55485893416929
2352.025,3.60294,5.0,23.97615,"-1,98791",17.57237785016284,41330.67201302926,17.454545454545453
2355.025,3.60244,5.0,24.0813,"-1,99045",17.500716612377865,41214.62514006518,17.354231974921632
2358.025,3.60193,5.0,24.0813,"-1,99298",17.427622149837116,41094.768719869666,17.25391849529781
2361.025,3.60143,5.0,23.87099,"-1,99552",17.35596091205214,40977.857612377906,17.15360501567399
2364.025,3.60092,5.0,23.87099,"-1,99805",17.28286644951139,40857.12835830616,17.053291536050153
2367.025,3.60041,5.0,24.18646,"-2,00059",17.209771986970704,40735.96053745933,16.952978056426332
2370.025,3.59991,5.0,24.18646,"-2,00312",17.13811074918566,40617.75092833875,16.85266457680251
2373.025,3.5994,5.0,23.87099,"-2,00565",17.065016286644976,40495.710273615696,16.75235109717869
2376.025,3.5989,5.0,23.76583,"-2,00819",16.99335504885994,40376.63642996744,16.652037617554868
2379.025,3.59839,5.0,24.0813,"-2,01073",16.920260586319248,40253.72294136815,16.551724137931032
2382.025,3.59789,5.0,24.0813,"-2,01326",16.848599348534208,40133.784863192195,16.45141065830721
2385.025,3.59738,5.0,24.18646,"-2,0158",16.77550488599346,40009.99854071655,16.35109717868339
2388.025,3.59687,5.0,24.0813,"-2,01833",16.702410423452775,39885.77365146582,16.250783699059568
2391.025,3.59637,5.0,23.97615,"-2,02087",16.63074918566773,39764.53707166119,16.150470219435746
2394.025,3.59586,5.0,23.87099,"-2,0234",16.557654723127044,39639.43934853422,16.05015673981191
2397.025,3.59536,5.0,23.97615,"-2,02594",16.485993485342007,39517.338534201925,15.94984326018809
2400.025,3.59485,5.0,23.97615,"-2,02848",16.41289902280132,39391.36797719874,15.849529780564268
2403.025,3.59435,5.0,23.97615,"-2,03101",16.341237785016283,39268.40292833876,15.749216300940446
2406.025,3.59384,5.0,23.97615,"-2,03355",16.268143322475595,39141.55953745935,15.64890282131661
2409.025,3.59333,5.0,23.97615,"-2,03608",16.195048859934843,39014.27757980454,15.54858934169279
2412.025,3.59266,5.0,23.97615,"-2,03862",16.09902280130293,38831.2454723127,15.448275862068968
2415.025,3.59215,5.0,23.97615,"-2,04115",16.025928338762245,38703.01758631929,15.347962382445147
2418.025,3.59182,5.0,23.97615,"-2,04369",15.978631921824078,38636.73145276867,15.247648902821325
2421.025,3.59131,5.0,24.0813,"-2,04623",15.905537459283392,38507.703827361576,15.14733542319749
2424.025,3.59081,5.0,23.97615,"-2,04876",15.83387622149835,38381.71180781754,15.047021943573668
2427.025,3.5903,5.0,24.0813,"-2,0513",15.760781758957666,38251.81134853423,14.946708463949847
2430.025,3.58963,5.0,23.97615,"-2,05384",15.66475570032575,38065.74797068408,14.846394984326025
2433.025,3.58912,5.0,24.0813,"-2,05637",15.591661237785,37934.90158306185,14.746081504702204
2436.025,3.58845,5.0,23.97615,"-2,0589",15.495635179153085,37747.754687296394,14.645768025078368
2439.025,3.58794,5.0,23.97615,"-2,06144",15.4225407166124,37615.96237133556,14.545454545454547
2442.025,3.58744,5.0,24.0813,"-2,06397",15.35087947882736,37487.231459283386,14.445141065830725
2445.025,3.58693,5.0,23.97615,"-2,06651",15.277785016286675,37354.56630944633,14.344827586206904
2448.025,3.58642,5.0,23.97615,"-2,06904",15.204690553745925,37221.46259283387,14.244514106583068
2451.025,3.58592,5.0,24.0813,"-2,07157",15.133029315960947,37091.43317915318,14.144200626959247
2454.025,3.58524,5.0,24.18646,"-2,07412",15.035570032573323,36897.66474918575,14.043887147335425
2457.025,3.58474,5.0,24.0813,"-2,07665",14.963908794788285,36766.698006514685,13.943573667711604
2460.025,3.58406,5.0,24.0813,"-2,07919",14.86644951140066,36571.83745928341,13.843260188087783
2463.025,3.58356,5.0,24.18646,"-2,08172",14.79478827361562,36439.93338762211,13.742946708463947
2466.025,3.58305,5.0,24.0813,"-2,08426",14.721693811074934,36304.06498045607,13.642633228840126
2469.025,3.58255,5.0,24.18646,"-2,0868",14.650032573289892,36171.296674267076,13.542319749216304
2472.025,3.58187,5.0,24.0813,"-2,08933",14.55257328990227,35974.32498697066,13.442006269592483
2475.025,3.58137,5.0,24.0813,"-2,09187",14.480912052117292,35840.6193517916,13.341692789968661
2478.025,3.58069,5.0,24.0813,"-2,09441",14.383452768729668,35642.555547231335,13.241379310344826
2481.025,3.58019,5.0,24.18646,"-2,09694",14.311791530944626,35507.912583061894,13.141065830721004
2484.025,3.57951,5.0,23.97615,"-2,09947",14.214332247557003,35308.756661237785,13.040752351097183
2487.025,3.57901,5.0,24.0813,"-2,10201",14.142671009771965,35173.17636807812,12.940438871473361
2490.025,3.5785,5.0,24.0813,"-2,10454",14.069576547231277,35033.59734201956,12.84012539184954
2493.025,3.57783,5.0,24.0813,"-2,10707",13.973550488599363,34836.41070684043,12.739811912225704
2496.025,3.57715,5.0,24.0813,"-2,10961",13.876091205211738,34635.07055048863,12.639498432601883
2499.025,3.57665,5.0,24.0813,"-2,11214",13.8044299674267,34497.61559934851,12.539184952978061
2502.025,3.57597,5.0,24.0813,"-2,11467",13.706970684039073,34295.18332573286,12.43887147335424
2505.025,3.5753,5.0,24.18646,"-2,11721",13.61094462540716,34095.756560260575,12.338557993730404
2508.025,3.57479,5.0,24.0813,"-2,11974",13.537850162866475,33953.26665472319,12.238244514106583
2511.025,3.57429,5.0,24.0813,"-2,12228",13.466188925081433,33813.93704560261,12.137931034482762
2514.025,3.57361,5.0,24.0813,"-2,12481",13.368729641693811,33609.32053745929,12.03761755485894
2517.025,3.57294,5.0,24.0813,"-2,12735",13.272703583061896,33407.72673615637,11.937304075235119
2520.025,3.57226,5.0,24.0813,"-2,12989",13.175244299674272,33201.945016286656,11.836990595611283
2523.025,3.57176,5.0,24.0813,"-2,13242",13.10358306188923,33060.667654723075,11.736677115987462
2526.025,3.57108,5.0,24.0813,"-2,13496",13.006123778501607,32853.793817589525,11.63636363636364
2529.025,3.57041,5.0,24.0813,"-2,13749",12.910097719869693,32649.959885993452,11.536050156739819
2532.025,3.56991,5.0,24.0813,"-2,14003",12.838436482084717,32507.242133550557,11.435736677115997
2535.025,3.5694,5.0,24.0813,"-2,14257",12.765342019543965,32360.461153094442,11.335423197492162
2538.025,3.56873,5.0,24.18646,"-2,1451",12.669315960912053,32155.040641693813,11.23510971786834
2541.025,3.56805,5.0,24.0813,"-2,14763",12.571856677524428,31945.402114006512,11.134796238244519
2544.025,3.56738,5.0,24.0813,"-2,15016",12.475830618892514,31738.82499022803,11.034482758620697
2547.025,3.56687,5.0,24.0813,"-2,1527",12.402736156351827,31590.07905863201,10.934169278996862
2550.025,3.5662,5.0,24.18646,"-2,15524",12.30671009771985,31382.418416938064,10.83385579937304
2553.025,3.56569,5.0,24.18646,"-2,15777",12.233615635179163,31232.726557003283,10.733542319749219
2556.025,3.56502,5.0,24.0813,"-2,16031",12.13758957654725,31023.982397394182,10.633228840125398
2559.025,3.56434,5.0,23.97615,"-2,16284",12.040130293159624,30810.99442345281,10.532915360501576
2562.025,3.56384,5.0,23.97615,"-2,16538",11.968469055374584,30663.51693159607,10.43260188087774
2565.025,3.56316,5.0,24.18646,"-2,16791",11.87100977198696,30449.436840390856,10.33228840125392
2568.025,3.56249,5.0,24.29162,"-2,17045",11.774983713355047,30238.452550488597,10.231974921630098
2571.025,3.56181,5.0,24.0813,"-2,17299",11.677524429967422,30023.20724755699,10.131661442006276
2574.025,3.56131,5.0,23.97615,"-2,17552",11.605863192182445,29873.78200325742,10.031347962382455
2577.025,3.56063,5.0,23.87099,"-2,17806",11.50840390879482,29657.444583061973,9.93103448275862
2580.025,3.55996,5.0,24.0813,"-2,18059",11.412377850162844,29444.220162866393,9.830721003134798
2583.025,3.55945,5.0,24.18646,"-2,18313",11.339283387622157,29289.652472312722,9.730407523510976
2586.025,3.55878,5.0,24.18646,"-2,18567",11.243257328990243,29075.344534201995,9.630094043887155
2589.025,3.55811,5.0,24.18646,"-2,18821",11.147231270358327,28860.46043973947,9.52978056426332
2592.025,3.55743,5.0,24.0813,"-2,19074",11.049771986970704,28641.28523452774,9.429467084639498
2595.025,3.55676,5.0,24.0813,"-2,19328",10.95374592833879,28425.24452768737,9.329153605015676
2598.025,3.55625,5.0,24.0813,"-2,19581",10.88065146579804,28268.204524429955,9.228840125391855
2601.025,3.55558,5.0,24.0813,"-2,19835",10.784625407166125,28051.08029967427,9.128526645768034
2604.025,3.5549,5.0,24.0813,"-2,20088",10.687166123778502,27829.647765472313,9.028213166144198
2607.025,3.55423,5.0,24.0813,"-2,20342",10.591140065146588,27611.366928338783,8.927899686520377
2610.025,3.55355,5.0,24.0813,"-2,20595",10.493680781758963,27388.769182410437,8.827586206896555
2613.025,3.55288,5.0,24.0813,"-2,20849",10.397654723127049,27169.33173289906,8.727272727272734
2616.025,3.55221,5.0,24.18646,"-2,21103",10.301628664495135,26949.318127035887,8.626959247648912
2619.025,3.5517,5.0,24.0813,"-2,21356",10.228534201954385,26788.786788273585,8.526645768025077
2622.025,3.55103,5.0,24.18646,"-2,2161",10.13250814332247,26567.6896644951,8.426332288401255
2625.025,3.55035,5.0,24.0813,"-2,21863",10.035048859934847,26342.254133550472,8.326018808777434
2628.025,3.54968,5.0,24.0813,"-2,22117",9.939022801302933,26120.000397394142,8.225705329153612
2631.025,3.549,5.0,24.0813,"-2,22371",9.841563517915306,25893.399654723118,8.125391849529791
2634.025,3.54833,5.0,24.0813,"-2,22624",9.745537459283392,25669.989306188938,8.025078369905955
2637.025,3.54766,5.0,24.0813,"-2,22878",9.649511400651479,25446.002801302966,7.924764890282134
2640.025,3.54698,5.0,24.0813,"-2,23131",9.552052117263854,25217.656390879507,7.8244514106583125
2643.025,3.54631,5.0,24.0813,"-2,23385",9.45602605863194,24992.513273615685,7.724137931034491
2646.025,3.54563,5.0,23.97615,"-2,23638",9.358566775244316,24763.001651465842,7.6238244514106555
2649.025,3.54496,5.0,24.18646,"-2,23892",9.262540716612401,24536.701921824166,7.523510971786834
2652.025,3.54428,5.0,24.0813,"-2,24146",9.165081433224778,24306.025087947943,7.423197492163013
2655.025,3.54361,5.0,24.0813,"-2,24399",9.069055374592864,24078.56874592842,7.322884012539191
2658.025,3.54277,5.0,24.0813,"-2,24653",8.948664495114011,23785.77394462542,7.22257053291537
2661.025,3.54209,5.0,24.18646,"-2,24907",8.851205211726388,23553.27834853421,7.122257053291534
2664.025,3.54142,5.0,23.97615,"-2,2516",8.755179153094474,23324.016143322508,7.021943573667713
2667.025,3.54074,5.0,24.0813,"-2,25414",8.657719869706849,23090.355335504908,6.921630094043891
2670.025,3.54007,5.0,24.0813,"-2,25667",8.561693811074935,22859.936517915354,6.82131661442007
2673.025,3.53923,5.0,24.0813,"-2,25921",8.44130293159608,22563.813768729615,6.7210031347962484
2676.025,3.53855,5.0,23.97615,"-2,26174",8.343843648208459,22328.33419869704,6.620689655172413
2679.025,3.53788,5.0,24.0813,"-2,26428",8.247817589576542,22096.109517915294,6.520376175548591
2682.025,3.53704,5.0,24.0813,"-2,26681",8.127426710097755,21797.96162214993,6.42006269592477
2685.025,3.53636,5.0,24.18646,"-2,26935",8.02996742671013,21560.663289902368,6.3197492163009485
2688.025,3.53569,5.0,24.0813,"-2,27189",7.933941368078217,21326.632745928448,6.219435736677113
2691.025,3.53501,5.0,23.97615,"-2,27442",7.836482084690592,21088.1692019545,6.1191222570532915
2694.025,3.53417,5.0,23.97615,"-2,27696",7.71609120521174,20787.34260912056,6.01880877742947
2697.025,3.53333,5.0,24.0813,"-2,2795",7.595700325732887,20485.79367100974,5.918495297805649
2700.025,3.53265,5.0,24.0813,"-2,28203",7.498241042345264,20245.438270358274,5.818181818181827
2703.025,3.53181,5.0,24.0813,"-2,28457",7.377850162866475,19942.513436482157,5.717868338557992
2706.025,3.53097,5.0,23.97615,"-2,2871",7.257459283387623,19638.86625732899,5.61755485893417
2709.025,3.53029,5.0,23.97615,"-2,28964",7.159999999999999,19396.619,5.517241379310349
2712.025,3.52962,5.0,24.18646,"-2,29218",7.063973941368084,19157.67392833878,5.416927899686527
2715.025,3.52878,5.0,24.0813,"-2,29472",6.943583061889232,18852.00160260581,5.316614420062706
2718.025,3.52793,5.0,23.97615,"-2,29725",6.821758957654733,18541.711390879507,5.21630094043887
2721.025,3.52709,5.0,23.87099,"-2,29979",6.701368078175882,18234.59007491853,5.115987460815049
2724.025,3.52625,5.0,24.0813,"-2,30232",6.580977198697093,17926.74641368085,5.015673981191227
2727.025,3.52557,5.0,24.0813,"-2,30485",6.483517915309469,17680.715442996807,4.915360501567406
2730.025,3.52473,5.0,24.0813,"-2,30739",6.363127035830617,17371.49588599348,4.81504702194357
2733.025,3.52406,5.0,23.97615,"-2,30993",6.2671009771987025,17128.143648208483,4.714733542319749
2736.025,3.52321,5.0,23.97615,"-2,31246",6.145276872964204,16813.631156351887,4.6144200626959275
2739.025,3.52237,5.0,23.87099,"-2,315",6.024885993485352,16502.313358306215,4.514106583072106
2742.025,3.52153,5.0,23.97615,"-2,31753",5.9044951140065,16190.273214983674,4.413793103448285
2745.025,3.52069,5.0,24.18646,"-2,32007",5.784104234527711,15877.510726384431,4.313479623824449
2748.025,3.51984,5.0,24.18646,"-2,3226",5.66228013029315,15560.087355048832,4.213166144200628
2751.025,3.51917,5.0,24.0813,"-2,32514",5.566254071661235,15312.90410749185,4.112852664576806
2754.025,3.51833,5.0,24.0813,"-2,32768",5.445863192182446,14998.043377850261,4.012539184952985
2757.025,3.51748,5.0,24.0813,"-2,33021",5.3240390879478845,14678.508866449516,3.9122257053291634
2760.025,3.51681,5.0,23.97615,"-2,33275",5.22801302931597,14429.446661237811,3.8119122257053277
2763.025,3.51597,5.0,24.0813,"-2,33528",5.107622149837118,14112.487690553704,3.7115987460815063
2766.025,3.51512,5.0,24.0813,"-2,33782",4.985798045602619,13790.842039087986,3.611285266457685
2769.025,3.51428,5.0,23.97615,"-2,34036",4.8654071661237674,13472.434078175866,3.5109717868338635
2772.025,3.51361,5.0,24.0813,"-2,34289",4.769381107491853,13220.843664495103,3.410658307210042
2775.025,3.51276,5.0,24.0813,"-2,34543",4.647557003257354,12897.08687296424,3.3103448275862064
2778.025,3.51209,5.0,23.97615,"-2,34796",4.551530944625441,12644.26675244309,3.210031347962385
2781.025,3.51125,5.0,23.97615,"-2,3505",4.431140065146588,12323.11129967429,3.1097178683385636
2784.025,3.51057,5.0,24.0813,"-2,35304",4.333680781758964,12065.075638436501,3.009404388714742
2787.025,3.50973,5.0,23.87099,"-2,35557",4.213289902280112,11742.54428990223,2.9090909090909065
2790.025,3.50889,5.0,23.97615,"-2,35811",4.092899022801323,11419.290596091261,2.808777429467085
2793.025,3.50821,5.0,23.97615,"-2,36064",3.9954397394136993,11159.363078175948,2.7084639498432637
2796.025,3.50737,5.0,23.97615,"-2,36318",3.875048859934847,10834.733488599331,2.6081504702194422
2799.025,3.5067,5.0,23.97615,"-2,36572",3.7790228013029323,10577.579296416941,2.507836990595621
2802.025,3.50585,5.0,24.18646,"-2,36825",3.6571986970684343,10247.56217915318,2.407523510971785
2805.025,3.50518,5.0,24.0813,"-2,37079",3.56117263843652,9989.1782801304,2.3072100313479638
2808.025,3.50434,5.0,24.0813,"-2,37332",3.4407817589576677,9661.801198697105,2.2068965517241423
2811.025,3.50349,5.0,24.0813,"-2,37586",3.318957654723169,9329.672941368197,2.106583072100321
2814.025,3.50282,5.0,24.18646,"-2,37839",3.2229315960911915,9069.410084690515,2.0062695924764995
2817.025,3.50214,5.0,24.0813,"-2,38092",3.1254723127035673,8804.533641693766,1.9059561128526639
2820.025,3.5013,5.0,24.0813,"-2,38346",3.005081433224779,8474.404768729708,1.8056426332288424
2823.025,3.50063,5.0,24.0813,"-2,38599",2.9090553745928642,8212.336048860021,1.705329153605021
2826.025,3.49995,5.0,24.0813,"-2,38853",2.8115960912052405,7945.64084364829,1.6050156739811996
2829.025,3.49911,5.0,24.0813,"-2,39107",2.691205211726388,7613.486824104245,1.504702194357364
2832.025,3.49827,5.0,24.0813,"-2,3936",2.5708143322475996,7280.610459283508,1.4043887147335425
2835.025,3.49759,5.0,24.0813,"-2,39614",2.4733550488599754,7012.023397394252,1.3040752351097211
2838.025,3.49675,5.0,24.0813,"-2,39867",2.3529641693811234,6677.771136807863,1.2037617554858997
2841.025,3.49608,5.0,23.97615,"-2,40121",2.256938110749209,6412.017596091271,1.1034482758620783
2844.025,3.49523,5.0,24.0813,"-2,40374",2.135114006514647,6072.3176123778185,1.0031347962382426
2847.025,3.49456,5.0,24.18646,"-2,40628",2.0390879478827326,5805.334364820837,0.9028213166144212
2850.025,3.49372,5.0,24.0813,"-2,40882",1.918697068403944,5468.33461237795,0.8025078369905998
2853.025,3.49304,5.0,24.18646,"-2,41136",1.82123778501632,5196.036931596186,0.7021943573667784
2856.025,3.4922,5.0,24.0813,"-2,41389",1.7008469055374675,4857.661283387646,0.601880877742957
2859.025,3.49136,5.0,24.0813,"-2,41643",1.5804560260586153,4518.563289902233,0.5015673981191213
2862.025,3.49068,5.0,24.0813,"-2,41896",1.4829967426709914,4244.373752442944,0.4012539184952999
2865.025,3.48984,5.0,24.0813,"-2,42151",1.3626058631922027,3903.8998631922404,0.3009404388714785
2868.025,3.489,5.0,24.0813,"-2,42405",1.2422149837133505,3562.703628664482,0.20062695924765706
2871.025,3.48815,5.0,24.0813,"-2,42659",1.1203908794788522,3216.670224755772,0.10031347962382142
2874.025,3.48731,5.0,24.18646,"-2,42912",1.0,2874.025,0.0
