Waktu pengosongan,Voltage,Current,Temperature,Unnamed: 4,SOH,Combined,RUL
2.025,4.17604,5.0,23.97615,,100.0,202.5,96.0
5.025,4.17301,5.0,23.97615,,99.57577428935078,500.3682658039877,95.89053591790194
8.025,4.17014,5.0,23.97615,,99.17394993635972,795.8709482392868,95.78107183580387
11.025,4.16761,5.0,23.76583,,98.81972846839194,1089.487506364021,95.67160775370581
14.025,4.16509,5.0,23.66067,,98.46690708527785,1380.9983718710218,95.56214367160776
17.025,4.16273,5.0,23.76583,,98.13648705982172,1670.7736921934645,95.45267958950969
20.025,4.16053,5.0,23.76583,,97.82846839202365,1959.0150795502734,95.34321550741163
23.025,4.15834,5.0,23.97615,,97.52184980907927,2245.44059185405,95.23375142531357
26.025,4.15632,5.0,23.87099,,97.23903266864653,2530.645825201526,95.12428734321551
29.025,4.1543,5.0,23.76583,,96.95621552821378,2814.1541557064047,95.01482326111744
32.025,4.15244,5.0,23.76583,,96.6957997454391,3096.682986847687,94.90535917901938
35.025,4.15042,5.0,23.76583,,96.41298260500638,3376.8647157403484,94.79589509692133
38.025,4.14857,5.0,23.87099,,96.15396690708526,3656.254591641917,94.68643101482326
41.025,4.14688,5.0,23.87099,,95.91735256682223,3935.009389053882,94.5769669327252
44.025,4.14503,5.0,23.87099,,95.65833686890113,4211.358280653372,94.46750285062714
47.025,4.14334,5.0,23.87099,,95.42172252863809,4487.206501909206,94.35803876852907
50.025,4.14166,5.0,23.76583,,95.1865082732286,4761.70507636826,94.24857468643101
53.025,4.14014,5.0,23.76583,,94.9736953754772,5035.980197284679,94.13911060433296
56.025,4.13845,5.0,23.87099,,94.73708103521416,5307.644964997873,94.0296465222349
59.025,4.13694,5.0,23.87099,,94.52566822231647,5579.37756682223,93.92018244013683
62.025,4.13542,5.0,23.87099,,94.31285532456505,5849.754851506147,93.81071835803877
65.025,4.13407,5.0,23.87099,,94.12384386932541,6120.402947602885,93.70125427594071
68.025,4.13255,5.0,23.87099,,93.91103097157401,6388.297881841322,93.59179019384264
71.025,4.13121,5.0,23.76583,,93.72341960118794,6656.705877174374,93.48232611174458
74.025,4.12986,5.0,23.87099,,93.53440814594816,6923.884563003813,93.37286202964653
77.025,4.12851,5.0,23.87099,,93.34539669070853,7189.929180101824,93.26339794754846
80.025,4.12716,5.0,23.76583,,93.15638523546876,7454.839728468388,93.1539338654504
83.025,4.12598,5.0,23.66067,,92.99117522274075,7720.592322868051,93.04446978335234
86.025,4.1248,5.0,23.87099,,92.82596521001261,7985.3536571913355,92.93500570125427
89.025,4.12362,5.0,23.76583,,92.6607551972846,8249.123731438262,92.82554161915621
92.025,4.12244,5.0,23.76583,,92.49554518455659,8511.90254560882,92.71607753705815
95.025,4.12126,5.0,23.87099,,92.33033517182858,8773.690099703012,92.6066134549601
98.025,4.12008,5.0,23.97615,,92.16512515910046,9034.486393720823,92.49714937286203
101.025,4.11907,5.0,23.76583,,92.02371658888408,9296.695968392016,92.38768529076397
104.025,4.11789,5.0,23.76583,,91.85850657615607,9555.581146584636,92.27822120866591
107.025,4.11688,5.0,23.97615,,91.71709800593972,9816.022414085699,92.16875712656784
110.025,4.11587,5.0,23.76583,,91.57568943572335,10075.615230165462,92.05929304446978
113.025,4.11502,5.0,23.76583,,91.45668222316503,10336.891508273227,91.94982896237173
116.025,4.11401,5.0,23.76583,,91.31527365294866,10594.85462558337,91.84036488027365
119.025,4.113,5.0,23.87099,,91.17386508273229,10851.96929147221,91.7309007981756
122.025,4.11216,5.0,23.87099,,91.05625795502756,11111.13987696224,91.62143671607754
125.025,4.11115,5.0,23.87099,,90.91484938481119,11366.62904433602,91.51197263397947
128.025,4.1103,5.0,23.76583,,90.79584217225276,11624.137694102661,91.40250855188141
131.025,4.10946,5.0,23.87099,,90.67823504454815,11881.115746711921,91.29304446978335
134.025,4.10862,5.0,23.97615,,90.56062791684342,12137.38815655494,91.1835803876853
137.025,4.10794,5.0,23.97615,,90.46542214679674,12396.024469664824,91.07411630558722
140.025,4.1071,5.0,23.76583,,90.34781501909201,12650.95279804836,90.96465222348917
143.025,4.10626,5.0,23.76583,,90.23020789138728,12905.175483665666,90.85518814139111
146.025,4.10558,5.0,23.87099,,90.1350021213406,13161.963684768762,90.74572405929304
149.025,4.10474,5.0,24.0813,,90.01739499363586,13414.842288926584,90.63625997719498
152.025,4.10407,5.0,23.97615,,89.9235893084429,13670.633664616033,90.52679589509692
155.025,4.10339,5.0,23.76583,,89.82838353839624,13925.645158039877,90.41733181299885
158.025,4.10255,5.0,23.76583,,89.7107764106915,14176.545442299524,90.3078677309008
161.025,4.10204,5.0,24.18646,,89.63937208315646,14434.17988969027,90.19840364880274
164.025,4.10137,5.0,23.97615,,89.54556639796348,14687.711528425962,90.08893956670468
167.025,4.1007,5.0,23.66067,,89.4517607127704,14940.680333050475,89.97947548460661
170.025,4.10002,5.0,23.55551,,89.35655494272372,15192.848254136601,89.87001140250855
173.025,4.09935,5.0,23.76583,,89.26274925753074,15444.687190284258,89.7605473204105
176.025,4.09867,5.0,24.0813,,89.16754348748407,15695.716842384383,89.65108323831242
179.025,4.09817,5.0,23.97615,,89.09753924480262,15950.68696330079,89.54161915621437
182.025,4.09766,5.0,23.87099,,89.02613491726771,16204.982208315656,89.43215507411631
185.025,4.09699,5.0,23.66067,,88.93232923207461,16454.704216164606,89.32269099201824
188.025,4.09648,5.0,23.76583,,88.86092490453957,16708.075405176052,89.21322690992018
191.025,4.09598,5.0,23.76583,,88.79092066185824,16961.28561943147,89.10376282782212
194.025,4.0953,5.0,23.97615,,88.69571489181156,17209.186081883738,88.99429874572405
197.025,4.0948,5.0,23.87099,,88.62571064913023,17461.480640644884,88.884834663626
200.025,4.09429,5.0,23.87099,,88.55430632159519,17713.07512197708,88.77537058152794
203.025,4.09379,5.0,23.76583,,88.48430207891386,17964.525429571488,88.66590649942988
206.025,4.09328,5.0,23.87099,,88.41289775137882,18215.26725922782,88.55644241733181
209.025,4.09277,5.0,23.87099,,88.34149342384379,18465.580662918946,88.44697833523375
212.025,4.09227,5.0,23.87099,,88.27148918116245,18715.762493635968,88.3375142531357
215.025,4.09193,5.0,23.87099,,88.22388629613906,18970.341150827302,88.22805017103762
218.025,4.09143,5.0,23.87099,,88.15388205345772,19219.75013470512,88.11858608893957
221.025,4.09092,5.0,23.97615,,88.08247772592269,19468.42963937206,88.00912200684151
224.025,4.09041,5.0,23.87099,,88.01107339838778,19716.68071807382,87.89965792474345
227.025,4.09008,5.0,23.97615,,87.96487059821808,19970.22474756046,87.79019384264538
230.025,4.08957,5.0,23.76583,,87.89346627068305,20217.69457891387,87.68072976054732
233.025,4.08923,5.0,23.87099,,87.84586338565964,20470.28231544334,87.57126567844927
236.025,4.08873,5.0,23.87099,,87.7758591429783,20717.297154221455,87.4618015963512
239.025,4.08839,5.0,23.87099,,87.72825625795504,20969.246452057705,87.35233751425314
242.025,4.08805,5.0,23.76583,,87.68065337293163,21220.910132583776,87.24287343215508
245.025,4.08755,5.0,23.87099,,87.6106491302503,21466.799303139578,87.13340935005701
248.025,4.08721,5.0,23.76583,,87.5630462452269,21717.8245449724,87.02394526795895
251.025,4.08687,5.0,23.87099,,87.51544336020363,21968.56416949512,86.9144811858609
254.025,4.08637,5.0,23.76583,,87.44543911752217,22213.32767182857,86.80501710376282
257.025,4.08603,5.0,23.87099,,87.39783623249889,22463.428857658026,86.69555302166476
260.025,4.08569,5.0,23.87099,,87.35023334747551,22713.244426177316,86.58608893956671
263.025,4.08536,5.0,23.87099,,87.3040305473058,22963.142634705106,86.47662485746864
266.025,4.08502,5.0,23.87099,,87.25642766228253,23212.39116885871,86.36716077537058
269.025,4.08451,5.0,23.87099,,87.1850233347475,23454.950902630444,86.25769669327252
272.025,4.08418,5.0,23.87099,,87.13882053457779,23703.937655918522,86.14823261117446
275.025,4.08384,5.0,23.76583,,87.09121764955452,23952.26213406873,86.03876852907639
278.025,4.08367,5.0,23.87099,,87.06741620704275,24206.91839096306,85.92930444697834
281.025,4.08317,5.0,23.76583,,86.99741196436142,24448.447697284664,85.81984036488028
284.025,4.083,5.0,23.76583,,86.97361052184978,24702.67972846838,85.7103762827822
287.025,4.08266,5.0,23.87099,,86.9260076368264,24949.937341960096,85.60091220068415
290.025,4.08232,5.0,23.76583,,86.87840475180312,25196.909338141697,85.49144811858609
293.025,4.08199,5.0,23.76583,,86.83220195163342,25444.005976877383,85.38198403648803
296.025,4.08165,5.0,23.87099,,86.78459906661001,25690.41093869323,85.27251995438996
299.025,4.08131,5.0,23.87099,,86.73699618158675,25936.530283198976,85.1630558722919
302.025,4.08098,5.0,23.87099,,86.69079338141705,26182.786871022483,85.05359179019385
305.025,4.08064,5.0,23.76583,,86.64319049639364,26428.339181162468,84.94412770809578
308.025,4.0803,5.0,23.87099,,86.59558761137038,26673.605873992357,84.83466362599772
311.025,4.07996,5.0,23.87099,,86.54798472634698,26918.586949512068,84.72519954389966
314.025,4.0798,5.0,23.97615,,86.52558336868891,27171.196317352533,84.61573546180159
317.025,4.07946,5.0,23.97615,,86.47798048366565,27415.6817628341,84.50627137970353
320.025,4.07912,5.0,23.76583,,86.43037759864224,27659.88159100548,84.39680729760548
323.025,4.07878,5.0,23.76583,,86.38277471361897,27903.795801866767,84.2873432155074
326.025,4.07862,5.0,23.97615,,86.3603733559609,28155.64072337715,84.17787913340935
329.025,4.07828,5.0,24.18646,,86.31277047093764,28399.059304200255,84.06841505131129
332.025,4.07794,5.0,23.66067,,86.26516758591423,28642.19226771317,83.95895096921322
335.025,4.07777,5.0,23.66067,,86.2413661434026,28893.013692193454,83.84948688711516
338.025,4.07744,5.0,23.97615,,86.19516334323289,29136.120089096297,83.7400228050171
341.025,4.0771,5.0,24.0813,,86.1475604582095,29378.47180526089,83.63055872291905
344.025,4.07693,5.0,23.87099,,86.12375901569787,29628.726195375457,83.52109464082098
347.025,4.07659,5.0,23.55551,,86.07615613067459,29870.57808124735,83.41163055872292
350.025,4.07626,5.0,23.66067,,86.0299533305049,30112.634414509976,83.30216647662486
353.025,4.07609,5.0,23.87099,,86.00615188799313,30362.32177025877,83.19270239452679
356.025,4.07575,5.0,24.0813,,85.95854900296986,30603.392408782343,83.08323831242873
359.025,4.07558,5.0,23.97615,,85.93474756045822,30852.72274289351,82.97377423033068
362.025,4.07524,5.0,23.87099,,85.88714467543483,31093.29355112429,82.86431014823262
365.025,4.07491,5.0,23.55551,,85.84094187526512,31334.08980801865,82.75484606613455
368.025,4.07457,5.0,23.66067,,85.79333899024172,31574.093581883706,82.64538198403649
371.025,4.0744,5.0,23.76583,,85.7695375477301,31822.642668646557,82.53591790193843
374.025,4.07406,5.0,23.97615,,85.72193466270681,32062.146612218916,82.42645381984036
377.025,4.07373,5.0,23.97615,,85.67573186253712,32301.892805473057,82.3169897377423
380.025,4.07356,5.0,23.87099,,85.65193042002535,32549.87485787013,82.20752565564425
383.025,4.07322,5.0,23.66067,,85.60432753500208,32788.59755409417,82.09806157354618
386.025,4.07288,5.0,23.76583,,85.55672464997868,33027.034633008014,81.98859749144812
389.025,4.07255,5.0,23.76583,,85.51052184980898,33265.73076262193,81.87913340935006
392.025,4.07238,5.0,23.87099,,85.48672040729734,33512.93156767074,81.76966932725199
395.025,4.07204,5.0,23.97615,,85.43911752227407,33750.58739923631,81.66020524515393
398.025,4.0717,5.0,23.97615,,85.39151463725067,33987.95761349169,81.55074116305587
401.025,4.07137,5.0,23.87099,,85.34531183708098,34225.6036794654,81.4412770809578
404.025,4.0712,5.0,23.87099,,85.32151039456934,34472.02323716588,81.33181299885975
407.025,4.07086,5.0,23.87099,,85.27390750954595,34708.61220407294,81.22234891676169
410.025,4.07052,5.0,23.87099,,85.22630462452267,34944.9155536699,81.11288483466362
413.025,4.07019,5.0,23.76583,,85.18010182435297,35181.51155600339,81.00342075256556
416.025,4.06985,5.0,23.87099,,85.13249893932957,35417.247871234584,80.8939566704675
419.025,4.06951,5.0,23.87099,,85.0848960543063,35652.6985691557,80.78449258836945
422.025,4.06918,5.0,23.87099,,85.03869325413659,35888.45452057699,80.67502850627137
425.025,4.06884,5.0,23.87099,,84.99109036911321,36123.33818413234,80.56556442417332
428.025,4.0685,5.0,23.87099,,84.94348748408993,36357.93623037759,80.45610034207526
431.025,4.06816,5.0,23.87099,,84.89588459906653,36592.24865931265,80.34663625997719
434.025,4.06783,5.0,23.87099,,84.84968179889682,36826.88314276619,80.23717217787913
437.025,4.06749,5.0,23.97615,,84.80207891387356,37060.62853733559,80.12770809578107
440.025,4.06715,5.0,23.87099,,84.75447602885016,37294.08831459479,80.01824401368302
443.025,4.06682,5.0,23.87099,,84.70827322868045,37527.88274713616,79.90877993158495
446.025,4.06631,5.0,23.97615,,84.63686890114543,37750.15945163339,79.79931584948689
449.025,4.06597,5.0,23.87099,,84.58926601612215,37982.695172889245,79.68985176738883
452.025,4.06564,5.0,23.87099,,84.54306321595246,38215.57815019091,79.58038768529076
455.025,4.06513,5.0,23.87099,,84.47165888841742,38436.71658570214,79.4709236031927
458.025,4.06479,5.0,23.97615,,84.42405600339414,38668.3282509546,79.36145952109464
461.025,4.06429,5.0,23.87099,,84.3540517607127,38889.32671298257,79.25199543899657
464.025,4.06395,5.0,23.76583,,84.30644887568941,39120.29993954178,79.14253135689852
467.025,4.06344,5.0,23.87099,,84.23504454815438,39339.871680101794,79.03306727480046
470.025,4.06294,5.0,24.0813,,84.16504030547304,39559.67306957996,78.92360319270239
473.025,4.0626,5.0,23.97615,,84.11743742044965,39789.65083580819,78.81413911060433
476.025,4.0621,5.0,23.87099,,84.04743317776831,40008.67937844716,78.70467502850627
479.025,4.06159,5.0,23.66067,,83.97602885023328,40226.617219982996,78.5952109464082
482.025,4.06109,5.0,23.76583,,83.90602460755193,40444.80151145522,78.48574686431014
485.025,4.06058,5.0,24.0813,,83.8346202800169,40661.8867013152,78.37628278221209
488.025,4.06007,5.0,23.97615,,83.76321595248187,40878.543465209965,78.26681870011403
491.025,4.0594,5.0,23.87099,,83.6694102672889,41083.77217649553,78.15735461801596
494.025,4.05889,5.0,23.66067,,83.59800593975386,41299.5048843869,78.0478905359179
497.025,4.05839,5.0,23.87099,,83.52800169707253,41515.50504348747,77.93842645381984
500.025,4.05771,5.0,24.0813,,83.43279592702586,41718.48378341111,77.82896237172179
503.025,4.05721,5.0,23.97615,,83.36279168434453,41933.568287017406,77.71949828962371
506.025,4.05653,5.0,23.66067,,83.26758591429785,42135.48016228257,77.61003420752566
509.025,4.05603,5.0,23.87099,,83.19758167161638,42349.649010394525,77.5005701254276
512.025,4.05535,5.0,24.18646,,83.10237590156972,42550.49402100123,77.39110604332953
515.025,4.05468,5.0,23.66067,,83.00857021637675,42751.488875689436,77.28164196123147
518.025,4.05401,5.0,23.55551,,82.91476453118365,42951.920896266405,77.17217787913341
521.025,4.0535,5.0,24.0813,,82.84336020364861,43163.46175010602,77.06271379703534
524.025,4.05283,5.0,24.18646,,82.74955451845564,43362.835306533714,76.95324971493729
527.025,4.05215,5.0,23.76583,,82.65434874840898,43560.90814913024,76.84378563283923
530.025,4.05131,5.0,23.55551,,82.53674162070423,43746.53647751376,76.73432155074116
533.025,4.05063,5.0,23.97615,,82.44153585065756,43943.399646796744,76.6248574686431
536.025,4.04996,5.0,24.0813,,82.34773016546447,44140.44206194309,76.51539338654504
539.025,4.04929,5.0,24.0813,,82.2539244802715,44336.92164297834,76.40592930444697
542.025,4.04861,5.0,23.97615,,82.15871871022482,44532.07950890961,76.29646522234891
545.025,4.04777,5.0,23.87099,,82.04111158252009,44714.45684026301,76.18700114025086
548.025,4.04709,5.0,23.66067,,81.94590581247343,44908.40503288075,76.07753705815279
551.025,4.04642,5.0,23.76583,,81.85210012728045,45102.55347263471,75.96807297605473
554.025,4.04558,5.0,23.87099,,81.7344929995757,45282.95248408993,75.85860889395667
557.025,4.0449,5.0,23.87099,,81.63928722952903,45475.123969028406,75.74914481185861
560.025,4.04406,5.0,23.97615,,81.5216801018243,45654.178899024155,75.63968072976054
563.025,4.04322,5.0,23.87099,,81.40407297411957,45832.52818625367,75.53021664766248
566.025,4.04254,5.0,23.87099,,81.3088672040729,46022.85155918536,75.42075256556443
569.025,4.0417,5.0,23.87099,,81.19126007636817,46199.856764955395,75.31128848346637
572.025,4.04086,5.0,23.87099,,81.07365294866356,46376.156327959274,75.2018244013683
575.025,4.04018,5.0,23.87099,,80.97844717861689,46564.63158888418,75.09236031927024
578.025,4.03934,5.0,23.97615,,80.86084005091215,46739.58707042849,74.98289623717218
581.025,4.0385,5.0,23.87099,,80.74323292320742,46913.836909206584,74.87343215507411
584.025,4.03766,5.0,23.87099,,80.62562579550269,47087.381105218454,74.76396807297606
587.025,4.03681,5.0,23.87099,,80.50661858294437,47259.39777365292,74.654503990878
590.025,4.03597,5.0,23.97615,,80.38901145523964,47431.526483877766,74.54503990877993
593.025,4.03513,5.0,23.97615,,80.27140432753491,47602.94955133639,74.43557582668187
596.025,4.03428,5.0,23.87099,,80.1523971149766,47772.832490453926,74.32611174458381
599.025,4.03344,5.0,23.97615,,80.03478998727186,47942.840072125524,74.21664766248574
602.025,4.0326,5.0,23.97615,,79.91718285956726,48112.14201103098,74.10718358038768
605.025,4.03176,5.0,23.87099,,79.79957573186252,48280.73830717012,73.99771949828963
608.025,4.03091,5.0,23.87099,,79.68056851930422,48447.777673949946,73.88825541619156
611.025,4.03007,5.0,23.97615,,79.56296139159949,48614.95848430207,73.7787913340935
614.025,4.02906,5.0,23.87099,,79.42155282138312,48766.81897114977,73.66932725199544
617.025,4.02822,5.0,23.87099,,79.30394569367839,48932.5170916419,73.55986316989737
620.025,4.02737,5.0,23.97615,,79.18493848112007,49096.64148175647,73.45039908779931
623.025,4.02653,5.0,23.87099,,79.06733135341534,49260.92411646159,73.34093500570125
626.025,4.02552,5.0,23.87099,,78.92592278319897,49409.60081035213,73.23147092360318
629.025,4.02468,5.0,23.87099,,78.80831565549424,49572.40075519726,73.12200684150513
632.025,4.02383,5.0,23.87099,,78.68930844293592,49733.61016864658,73.01254275940707
635.025,4.02282,5.0,23.87099,,78.54789987271955,49879.88011667373,72.90307867730901
638.025,4.02198,5.0,23.97615,,78.43029274501482,50040.487528638085,72.79361459521095
641.025,4.02097,5.0,23.87099,,78.28888417479845,50185.13197815018,72.68415051311288
644.025,4.02013,5.0,23.97615,,78.17127704709372,50344.25670025453,72.57468643101483
647.025,4.01911,5.0,23.87099,,78.02846839202378,50486.36976134919,72.46522234891677
650.025,4.01827,5.0,23.87099,,77.91086126431904,50644.00759333898,72.3557582668187
653.025,4.01743,5.0,23.87099,,77.79325413661431,50800.93978256256,72.24629418472064
656.025,4.01642,5.0,23.87099,,77.65184556639794,50941.551987696206,72.13683010262258
659.025,4.01541,5.0,23.87099,,77.51043699618157,51081.31574140856,72.02736602052451
662.025,4.01456,5.0,23.97615,,77.39142978362325,51235.061302503185,71.91790193842645
665.025,4.01355,5.0,23.97615,,77.25002121340688,51373.19535744591,71.8084378563284
668.025,4.01271,5.0,23.97615,,77.13241408570215,51526.38091960118,71.69897377423032
671.025,4.0117,5.0,23.87099,,76.99100551548578,51662.889476028846,71.58950969213227
674.025,4.01085,5.0,23.87099,,76.87199830292735,51813.64865613061,71.48004561003421
677.025,4.00984,5.0,23.97615,,76.73058973271098,51948.52751378865,71.37058152793614
680.025,4.00883,5.0,23.87099,,76.58918116249461,52082.5579200254,71.26111744583808
683.025,4.00799,5.0,23.87099,,76.47157403479,52231.99685511243,71.15165336374002
686.025,4.00698,5.0,23.87099,,76.33016546457362,52364.40176283412,71.04218928164195
689.025,4.00597,5.0,23.87099,,76.18875689435713,52495.958219134416,70.9327251995439
692.025,4.00496,5.0,23.87099,,76.04734832414077,52626.66622401351,70.82326111744584
695.025,4.00411,5.0,23.76583,,75.92834111158245,52772.09528107759,70.71379703534777
698.025,4.0031,5.0,23.87099,,75.78693254136608,52901.17358718706,70.60433295324971
701.025,4.00209,5.0,23.87099,,75.64552397114971,53029.40344187523,70.49486887115165
704.025,4.00125,5.0,23.87099,,75.52791684344498,53173.54165570635,70.3854047890536
707.025,4.00024,5.0,23.97615,,75.38650827322861,53300.14601187946,70.27594070695554
710.025,3.99922,5.0,23.97615,,75.24369961815866,53424.9078213831,70.16647662485747
713.025,3.99838,5.0,23.87099,,75.12609249045394,53566.78209800592,70.05701254275941
716.025,3.99737,5.0,23.87099,,74.98468392023756,53690.90830398809,69.94754846066135
719.025,3.99636,5.0,23.97615,,74.84327535002119,53814.186058548985,69.83808437856328
722.025,3.99535,5.0,23.87099,,74.70186677980482,53936.61536168857,69.72862029646522
725.025,3.99417,5.0,23.97615,,74.53665676707675,54040.93957254982,69.61915621436717
728.025,3.99349,5.0,23.87099,,74.44145099703007,54195.23736211282,69.5096921322691
731.025,3.99248,5.0,23.97615,,74.3000424268137,54315.18851506148,69.40022805017104
734.025,3.99147,5.0,23.87099,,74.15863385659735,54434.29121658886,69.29076396807298
737.025,3.99063,5.0,23.87099,,74.0410267288926,54570.08772486207,69.18129988597491
740.025,3.98962,5.0,23.87099,,73.89961815867623,54687.56492787438,69.07183580387685
743.025,3.98877,5.0,23.87099,,73.78061094611793,54820.83844823927,68.9623717217788
746.025,3.98776,5.0,23.97615,,73.63920237590156,54936.68595248196,68.85290763968072
749.025,3.98675,5.0,23.87099,,73.49779380568512,55051.6850053033,68.74344355758267
752.025,3.98574,5.0,23.87099,,73.35638523546875,55165.83560670338,68.63397947548461
755.025,3.9849,5.0,23.97615,,73.23877810776408,55297.10844081457,68.52451539338654
758.025,3.98389,5.0,23.87099,,73.09736953754772,55409.63354369961,68.41505131128848
761.025,3.98287,5.0,23.87099,,72.95456088247771,55520.24469558759,68.30558722919042
764.025,3.98186,5.0,23.87099,,72.81315231226134,55631.06869537546,68.19612314709235
767.025,3.98102,5.0,23.97615,,72.6955451845566,55759.30054518452,68.0866590649943
770.025,3.98001,5.0,23.97615,,72.55413661434022,55868.49904645733,67.97719498289624
773.025,3.97917,5.0,23.87099,,72.4365294866355,55995.2482064064,67.86773090079818
776.025,3.97815,5.0,23.97615,,72.2937208315655,56101.73470831561,67.75826681870012
779.025,3.97731,5.0,23.87099,,72.17611370386082,56226.99697815017,67.64880273660205
782.025,3.9763,5.0,23.87099,,72.03470513364445,56332.9402821383,67.539338654504
785.025,3.97529,5.0,23.87099,,71.89329656342808,56438.035134705126,67.42987457240594
788.025,3.97445,5.0,23.87099,,71.77568943572335,56561.03766758589,67.32041049030786
791.025,3.97343,5.0,23.87099,,71.63288078065334,56663.39951951631,67.21094640820981
794.025,3.97242,5.0,23.87099,,71.49147221043697,56766.01622189221,67.10148232611175
797.025,3.97158,5.0,23.76583,,71.37386508273224,56886.75481756466,66.99201824401368
800.025,3.97057,5.0,23.76583,,71.23245651251587,56987.746021425504,66.88255416191562
803.025,3.96973,5.0,23.87099,,71.1148493848112,57107.00192723801,66.77309007981756
806.025,3.96871,5.0,23.87099,,70.97204072974118,57205.239129189635,66.66362599771949
809.025,3.96787,5.0,23.97615,,70.85443360203645,57323.008144887535,66.55416191562144
812.025,3.96686,5.0,23.87099,,70.71302503182008,57420.7441514637,66.44469783352338
815.025,3.96602,5.0,23.87099,,70.59541790411534,57537.0304773016,66.3352337514253
818.025,3.96501,5.0,23.87099,,70.45400933389898,57633.14098536271,66.22576966932725
821.025,3.96416,5.0,23.87099,,70.33500212134066,57746.79511667372,66.11630558722919
824.025,3.96332,5.0,23.87099,,70.21739499363593,57860.88890963085,66.00684150513112
827.025,3.96231,5.0,23.87099,,70.07598642341956,57954.59267182856,65.89737742303306
830.025,3.96147,5.0,23.97615,,69.95837929571483,58067.20377492571,65.787913340935
833.025,3.96046,5.0,23.87099,,69.81697072549845,58159.28203860835,65.67844925883693
836.025,3.95961,5.0,23.87099,,69.69796351294015,58269.239945905785,65.56898517673888
839.025,3.95877,5.0,23.87099,,69.58035638523542,58379.658516122145,65.45952109464082
842.025,3.95776,5.0,23.87099,,69.43894781501905,58469.33003394141,65.35005701254276
845.025,3.95692,5.0,23.87099,,69.32134068731438,58578.26591429783,65.2405929304447
848.025,3.95607,5.0,23.87099,,69.202333474756,58685.30884492996,65.13112884834663
851.025,3.95523,5.0,23.87099,,69.08472634705127,58792.82923949931,65.02166476624858
854.025,3.95439,5.0,23.76583,,68.9671192193466,58899.64399130248,64.91220068415052
857.025,3.95338,5.0,23.87099,,68.82571064913023,58985.35466907083,64.80273660205245
860.025,3.95253,5.0,23.97615,,68.70670343657186,59089.48262303771,64.69327251995439
863.025,3.95152,5.0,23.87099,,68.5652948663555,59173.563602036455,64.58380843785633
866.025,3.95068,5.0,23.76583,,68.44768773865081,59277.40877386507,64.47434435575826
869.025,3.94984,5.0,23.76583,,68.33008061094608,59380.54830292742,64.3648802736602
872.025,3.94899,5.0,23.97615,,68.21107339838773,59481.76128022905,64.25541619156215
875.025,3.94815,5.0,23.87099,,68.09346627068304,59583.48532350442,64.14595210946408
878.025,3.94731,5.0,23.76583,,67.97585914297831,59684.50372401353,64.03648802736602
881.025,3.94647,5.0,23.76583,,67.85825201527364,59784.816481756454,63.927023945267955
884.025,3.94562,5.0,23.97615,,67.73924480271526,59883.185886720355,63.8175598631699
887.025,3.94478,5.0,23.97615,,67.62163767501059,59982.083158676265,63.70809578107183
890.025,3.94394,5.0,23.76583,,67.50403054730586,60080.2747878659,63.598631698973776
893.025,3.94309,5.0,23.76583,,67.38502333474754,60176.510463512925,63.48916761687571
896.025,3.94225,5.0,23.97615,,67.26741620704283,60273.28660691555,63.37970353477765
899.025,3.94141,5.0,24.0813,,67.14980907933808,60369.35710755192,63.27023945267959
902.025,3.94057,5.0,23.87099,,67.03220195163341,60464.721965422126,63.160775370581526
905.025,3.93972,5.0,23.76583,,66.91319473907505,60558.1140687314,63.05131128848347
908.025,3.93888,5.0,23.87099,,66.79558761137038,60652.063440814585,62.941847206385404
911.025,3.93804,5.0,23.97615,,66.67798048366564,60745.307170131484,62.83238312428734
914.025,3.93719,5.0,23.97615,,66.55897327110733,60836.56554412388,62.72291904218928
917.025,3.93652,5.0,23.87099,,66.46516758591424,60950.220305473005,62.61345496009122
920.025,3.93568,5.0,23.87099,,66.34756045820956,61041.41431056424,62.50399087799316
923.025,3.93483,5.0,23.87099,,66.22855324565118,61130.61035956718,62.394526795895096
926.025,3.93399,5.0,23.87099,,66.11094611794653,61220.38887887143,62.28506271379703
929.025,3.93315,5.0,23.87099,,65.99333899024178,61309.46175540937,62.175598631698975
932.025,3.93247,5.0,23.97615,,65.89813322019512,61418.70761455235,62.06613454960091
935.025,3.93163,5.0,23.87099,,65.78052609249045,61506.43640963088,61.956670467502846
938.025,3.93079,5.0,23.87099,,65.66291896478572,61593.45956194312,61.84720638540479
941.025,3.92995,5.0,23.97615,,65.54531183708097,61679.77707148912,61.737742303306725
944.025,3.9291,5.0,23.97615,,65.42630462452267,61764.06722316502,61.62827822120867
947.025,3.92843,5.0,23.87099,,65.33249893932964,61871.50980801865,61.5188141391106
950.025,3.92759,5.0,23.87099,,65.21489181162491,61955.77759333895,61.40935005701254
953.025,3.92674,5.0,23.97615,,65.0958845990666,62038.00542002544,61.29988597491448
956.025,3.92607,5.0,23.87099,,65.00207891387356,62143.61249363597,61.19042189281642
959.025,3.92523,5.0,23.76583,,64.88447178616883,62225.830554730564,61.08095781071836
962.025,3.92455,5.0,23.87099,,64.78926601612216,62328.89363915991,60.971493728620295
965.025,3.92371,5.0,23.87099,,64.67165888841743,62409.76761879503,60.86202964652223
968.025,3.92287,5.0,23.97615,,64.55405176071275,62489.93595566396,60.752565564424174
971.025,3.92219,5.0,23.87099,,64.45884599066608,62591.15092808653,60.64310148232611
974.025,3.92135,5.0,23.97615,,64.34123886296135,62669.975183495924,60.53363740022805
977.025,3.92068,5.0,23.87099,,64.24743317776831,62771.34840050909,60.42417331812999
980.025,3.91983,5.0,23.87099,,64.12842596521,62847.460656554926,60.31470923603192
983.025,3.91916,5.0,23.87099,,64.03462028001695,62947.63260076366,60.205245153933866
986.025,3.91832,5.0,23.87099,,63.91701315231223,63023.77289350866,60.0957810718358
989.025,3.91764,5.0,23.76583,,63.82180738226556,63121.3630462452,59.986316989737745
992.025,3.9168,5.0,23.87099,,63.70420025456083,63196.15925753071,59.87685290763968
995.025,3.91612,5.0,23.87099,,63.608994484514156,63292.539736953695,59.767388825541616
998.025,3.91528,5.0,23.87099,,63.49138735680948,63365.99186677978,59.65792474344356
1001.025,3.91444,5.0,23.87099,,63.37378022910475,63438.73835383958,59.548460661345494
1004.025,3.91376,5.0,23.87099,,63.27857445905808,63533.27072125579,59.43899657924743
1007.025,3.91292,5.0,23.97615,,63.16096733135341,63604.67312685617,59.32953249714937
1010.025,3.91225,5.0,23.87099,,63.06716164616031,63699.40994166306,59.22006841505131
1013.025,3.91157,5.0,23.76583,,62.971955876113704,63792.165601400084,59.11060433295325
1016.025,3.91073,5.0,23.87099,,62.85434874840897,63861.58968710222,59.00114025085519
1019.025,3.91006,5.0,23.87099,,62.760543063215934,63954.56239499361,58.89167616875712
1022.025,3.90921,5.0,23.87099,,62.64153585065757,64021.2156777683,58.782212086659065
1025.025,3.90854,5.0,23.76583,,62.547730165464536,64112.98711285529,58.672748004561
1028.025,3.9077,5.0,23.76583,,62.430123037759856,64179.72723589308,58.563283922462944
1031.025,3.90702,5.0,23.87099,,62.33491726771318,64268.85807594399,58.45381984036488
1034.025,3.90618,5.0,23.87099,,62.21731014000845,64334.25411752224,58.344355758266815
1037.025,3.90551,5.0,23.76583,,62.12350445481542,64423.62720725496,58.23489167616876
1040.025,3.90466,5.0,23.87099,,62.004497242257045,64486.22724437839,58.12542759407069
1043.025,3.90399,5.0,23.87099,,61.910691557064006,64574.39906130669,58.015963511972636
1046.025,3.90331,5.0,23.87099,,61.81548578701734,64660.543520364816,57.90649942987457
1049.025,3.90247,5.0,23.76583,,61.69787865931267,64722.61716058548,57.79703534777651
1052.025,3.9018,5.0,23.76583,,61.60407297411964,64809.024870598216,57.68757126567845
1055.025,3.90095,5.0,23.87099,,61.485065761561266,64868.28150509118,57.578107183580386
1058.025,3.90028,5.0,23.87099,,61.39126007636823,64953.48794229951,57.46864310148233
1061.025,3.89944,5.0,23.87099,,61.273652948663496,65012.877619855695,57.359179019384264
1064.025,3.89876,5.0,23.76583,,61.17844717861682,65095.39725922777,57.2497149372862
1067.025,3.89792,5.0,23.76583,,61.060840050912155,65153.442855324545,57.14025085518814
1070.025,3.89725,5.0,23.97615,,60.96703436571912,65236.25094717861,57.03078677309008
1073.025,3.8964,5.0,23.97615,,60.84802715316075,65291.45433602032,56.921322690992014
1076.025,3.89573,5.0,23.76583,,60.75422146796771,65373.06115506996,56.81185860889396
1079.025,3.89489,5.0,23.76583,,60.636614340263044,65428.422788502336,56.70239452679589
1082.025,3.89421,5.0,23.76583,,60.54140857021637,65507.31760818837,56.592930444697835
1085.025,3.89337,5.0,23.87099,,60.42380144251164,65561.3351601612,56.48346636259977
1088.025,3.89269,5.0,23.87099,,60.32859567246497,65639.02030653371,56.374002280501706
1091.025,3.89185,5.0,23.76583,,60.21098854476023,65691.69377704702,56.26453819840365
1094.025,3.89118,5.0,23.66067,,60.117182859567194,65769.700977938,56.155074116305585
1097.025,3.89034,5.0,23.66067,,59.99957573186253,65821.03456724649,56.04561003420753
1100.025,3.88949,5.0,23.97615,,59.88056851930416,65870.12238544757,55.93614595210946
1103.025,3.88882,5.0,24.0813,,59.786762834111116,65946.29407509541,55.8266818700114
1106.025,3.88798,5.0,23.97615,,59.66915570640645,65995.5779401782,55.71721778791334
1109.025,3.88713,5.0,23.87099,,59.55014849384808,66042.60343338987,55.60775370581528
1112.025,3.88629,5.0,23.76583,,59.43254136614334,66090.47181268556,55.49828962371722
1115.025,3.88562,5.0,23.66067,,59.33873568095031,66164.17375265162,55.388825541619156
1118.025,3.88477,5.0,23.76583,,59.219728468392,66209.13692087396,55.27936145952109
1121.025,3.88393,5.0,24.0813,,59.10212134068727,66254.95557594395,55.169897377423034
1124.025,3.88309,5.0,23.97615,,58.984514212982596,66300.06858824777,55.06043329532497
1127.025,3.88224,5.0,23.97615,,58.86550700042422,66342.89802715312,54.950969213226905
1130.025,3.88157,5.0,23.76583,,58.77170131523119,66413.49177874414,54.84150513112885
1133.025,3.88073,5.0,23.87099,,58.65409418752646,66456.55506682217,54.732041049030784
1136.025,3.87988,5.0,23.87099,,58.53508697496815,66497.3221807382,54.622576966932726
1139.025,3.87904,5.0,23.97615,,58.417479847263415,66538.96998302922,54.51311288483466
1142.025,3.87803,5.0,23.87099,,58.276071277047045,66552.73030016966,54.4036488027366
1145.025,3.87719,5.0,23.87099,,58.15846414934237,66592.89541260076,54.29418472063854
1148.025,3.87634,5.0,23.87099,,58.039456936784006,66630.74754985147,54.184720638540476
1151.025,3.8755,5.0,23.87099,,57.92184980907934,66669.49717649556,54.07525655644242
1154.025,3.87466,5.0,23.87099,,57.804242681374596,66707.54116037332,53.965792474344354
1157.025,3.87365,5.0,23.97615,,57.662834111158226,66717.34063746285,53.85632839224629
1160.025,3.87281,5.0,23.87099,,57.545226983453496,66753.90193148065,53.74686431014823
1163.025,3.87196,5.0,23.76583,,57.42621977089519,66788.12924904538,53.63740022805017
1166.025,3.87112,5.0,23.76583,,57.30861264319045,66823.27505727614,53.52793614595211
1169.025,3.87011,5.0,23.87099,,57.16720407297409,66829.89074140854,53.41847206385405
1172.025,3.8691,5.0,23.97615,,57.02579550275771,66835.6579741196,53.30900798175598
1175.025,3.86825,5.0,23.87099,,56.9067882901994,66866.89891069155,53.199543899657925
1178.025,3.86724,5.0,23.87099,,56.76537971998297,66871.03644463293,53.09007981755986
1181.025,3.8664,5.0,23.87099,,56.6477725922783,66902.43562579548,52.980615735461804
1184.025,3.86539,5.0,23.87099,,56.50636402206192,66904.94766122187,52.87115165336374
1187.025,3.86438,5.0,23.87099,,56.36495545184556,66906.61124522699,52.761687571265675
1190.025,3.86337,5.0,23.87099,,56.22354688162919,66907.42637781079,52.65222348916762
1193.025,3.86235,5.0,23.97615,,56.080738226559184,66905.72272274077,52.54275940706955
1196.025,3.86134,5.0,23.87099,,55.93932965634281,66904.8367522274,52.43329532497149
1199.025,3.86033,5.0,23.87099,,55.79792108612637,66903.10233029268,52.32383124287343
1202.025,3.85932,5.0,23.87099,,55.65651251591001,66900.51945693673,52.21436716077537
1205.025,3.85831,5.0,23.87099,,55.51510394569364,66897.08813215948,52.10490307867731
1208.025,3.8573,5.0,23.87099,,55.373695375477276,66892.80835596094,51.995438996579246
1211.025,3.85629,5.0,23.87099,,55.2322868052609,66887.68012834109,51.88597491448118
1214.025,3.85511,5.0,23.97615,,55.06707679253283,66852.80790305468,51.776510832383124
1217.025,3.8541,5.0,23.76583,,54.92566822231645,66845.91136826469,51.66704675028506
1220.025,3.85308,5.0,23.87099,,54.78285956724645,66836.45824352985,51.557582668187
1223.025,3.8519,5.0,23.87099,,54.617649554518444,66798.75084641493,51.44811858608894
1226.025,3.85072,5.0,23.97615,,54.45243954179037,66760.05218922354,51.338654503990874
1229.025,3.84971,5.0,23.87099,,54.311030971574006,66749.61483983874,51.22919042189282
1232.025,3.84853,5.0,23.97615,,54.14582095884594,66709.00506682217,51.11972633979475
1235.025,3.84735,5.0,23.87099,,53.98061094611793,66667.4040337293,51.010262257696695
1238.025,3.84617,5.0,23.87099,,53.81540093338986,66624.81174055999,50.90079817559863
1241.025,3.84516,5.0,23.87099,,53.67399236317348,66610.76637250738,50.791334093500566
1244.025,3.84398,5.0,23.97615,,53.508782350445486,66566.26296351296,50.68187001140251
1247.025,3.8428,5.0,23.87099,,53.34357233771741,66520.76829444207,50.572405929304445
1250.025,3.84162,5.0,23.76583,,53.178362324989344,66474.28236529481,50.46294184720638
1253.025,3.84044,5.0,23.87099,,53.01315231226133,66426.80517607126,50.35347776510832
1256.025,3.83926,5.0,23.97615,,52.847942299533265,66378.33672677127,50.24401368301026
1259.025,3.83808,5.0,23.97615,,52.682732286805255,66328.87701739499,50.1345496009122
1262.025,3.8369,5.0,23.87099,,52.517522274077194,66278.42604794228,50.02508551881414
1265.025,3.83572,5.0,23.76583,,52.35231226134913,66226.98381841318,49.91562143671607
1268.025,3.83454,5.0,23.87099,,52.187102248621116,66174.55032880779,49.806157354618016
1271.025,3.83336,5.0,23.97615,,52.02189223589304,66121.12557912596,49.69669327251995
1274.025,3.83218,5.0,23.87099,,51.85668222316504,66066.70956936784,49.587229190421894
1277.025,3.831,5.0,23.76583,,51.69147221043696,66011.30229953327,49.47776510832383
1280.025,3.82982,5.0,23.87099,,51.526262197708895,65954.90376962234,49.368301026225765
1283.025,3.82864,5.0,23.97615,,51.361052184980885,65897.5139796351,49.25883694412771
1286.025,3.82746,5.0,23.87099,,51.195842172252824,65839.13292957144,49.149372862029644
1289.025,3.82645,5.0,23.76583,,51.054433602036454,65810.44127386504,49.03990877993159
1292.025,3.82527,5.0,23.76583,,50.88922358930844,65750.14910797625,48.93044469783352
1295.025,3.82409,5.0,23.87099,,50.72401357658037,65688.86568201099,48.82098061573546
1298.025,3.82308,5.0,23.97615,,50.582605006364005,65657.48586338565,48.7115165336374
1301.025,3.8219,5.0,23.87099,,50.41739499363594,65594.2913215952,48.602052451539336
1304.025,3.82072,5.0,23.87099,,50.25218498090793,65530.105519728466,48.49258836944128
1307.025,3.81971,5.0,23.66067,,50.11077641069156,65496.03753818414,48.383124287343215
1310.025,3.81853,5.0,23.76583,,49.94556639796348,65429.94062049212,48.27366020524515
1313.025,3.81752,5.0,23.76583,,49.80415782774712,65394.104331777664,48.16419612314709
1316.025,3.81651,5.0,23.97615,,49.66274925753075,65357.419591641905,48.05473204104903
1319.025,3.8155,5.0,23.87099,,49.52134068731438,65319.886400084855,47.945267958950964
1322.025,3.81432,5.0,23.76583,,49.35613067458631,65250.03865506997,47.83580387685291
1325.025,3.8133,5.0,23.76583,,49.2133220195163,65208.88200890959,47.72633979475484
1328.025,3.81229,5.0,23.87099,,49.071913449299934,65168.72785850655,47.616875712656785
1331.025,3.81128,5.0,23.76583,,48.93050487908356,65127.7252566822,47.50741163055872
1334.025,3.81027,5.0,23.87099,,48.78909630886719,65085.87420343656,47.39794754846066
1337.025,3.80926,5.0,23.87099,,48.64768773865082,65043.174698769624,47.2884834663626
1340.025,3.80825,5.0,23.87099,,48.506279168434446,64999.62674268137,47.179019384264535
1343.025,3.8074,5.0,23.87099,,48.38727195587608,64985.31591854048,47.06955530216648
1346.025,3.80639,5.0,23.87099,,48.2458633856597,64940.13826368261,46.96009122006841
1349.025,3.80538,5.0,23.87099,,48.10445481544334,64894.112157403455,46.85062713797035
1352.025,3.80454,5.0,23.87099,,47.9868476877386,64879.41774501479,46.74116305587229
1355.025,3.80353,5.0,23.97615,,47.84543911752224,64831.76614022058,46.63169897377423
1358.025,3.80268,5.0,23.87099,,47.72643190496393,64813.687687738646,46.52223489167617
1361.025,3.80167,5.0,23.87099,,47.585023334747554,64764.40638417479,46.412770809578106
1364.025,3.80083,5.0,23.87099,,47.46741620704282,64746.74239181158,46.30330672748004
1367.025,3.79982,5.0,23.87099,,47.32600763682645,64695.835589732684,46.193842645381984
1370.025,3.79898,5.0,23.87099,,47.20840050912172,64676.68890750948,46.08437856328392
1373.025,3.79813,5.0,23.87099,,47.08939329656341,64654.91423101398,45.97491448118586
1376.025,3.79712,5.0,23.87099,,46.94798472634704,64601.60068307169,45.8654503990878
1379.025,3.79628,5.0,23.87099,,46.8303775986423,64580.261467967706,45.755986316989734
1382.025,3.79544,5.0,23.87099,,46.712770470937635,64558.21661009759,45.64652223489168
1385.025,3.79459,5.0,23.76583,,46.59376325837926,64533.526956936745,45.53705815279361
1388.025,3.79375,5.0,23.97615,,46.47615613067459,64510.0666132796,45.42759407069555
1391.025,3.79291,5.0,23.87099,,46.35854900296986,64485.90062685615,45.31812998859749
1394.025,3.7919,5.0,23.87099,,46.21714043275348,64427.84919176918,45.20866590649943
1397.025,3.79105,5.0,23.87099,,46.098133220195116,64400.24456194309,45.09920182440137
1400.025,3.79021,5.0,23.87099,,45.98052609249045,64373.886042638944,44.989737742303305
1403.025,3.78937,5.0,23.87099,,45.862918964785706,64346.82188056847,44.88027366020524
1406.025,3.78853,5.0,23.87099,,45.74531183708104,64319.05207573187,44.77080957810718
1409.025,3.78768,5.0,23.87099,,45.626304624522675,64288.60387356806,44.66134549600912
1412.025,3.78684,5.0,23.76583,,45.508697496818,64259.41858294444,44.55188141391106
1415.025,3.78583,5.0,23.76583,,45.36728892660157,64195.84801336439,44.442417331813
1418.025,3.78499,5.0,23.87099,,45.249681798896894,64165.18003288077,44.33295324971493
1421.025,3.78414,5.0,23.87099,,45.13067458633852,64131.8168540517,44.223489167616876
1424.025,3.7833,5.0,23.87099,,45.013067458633856,64099.73338778108,44.11402508551881
1427.025,3.78246,5.0,23.87099,,44.89546033092912,64066.94427874413,44.004561003420754
1430.025,3.78161,5.0,24.0813,,44.77645311837081,64031.447370598224,43.89509692132269
1433.025,3.78077,5.0,23.97615,,44.65884599066608,63997.24277577426,43.785632839224625
1436.025,3.77993,5.0,23.87099,,44.54123886296134,63962.33253818407,43.67616875712657
1439.025,3.77909,5.0,23.87099,,44.42363173525667,63926.71665782773,43.566704675028504
1442.025,3.77824,5.0,23.97615,,44.304624522698305,63888.37617734403,43.45724059293045
1445.025,3.7774,5.0,23.97615,,44.18701739499363,63851.34481120067,43.34777651083238
1448.025,3.77656,5.0,23.87099,,44.069410267288895,63813.60780229101,43.23831242873432
1451.025,3.77572,5.0,23.76583,,43.95180313958422,63775.1651506152,43.12884834663626
1454.025,3.77487,5.0,23.97615,,43.832795927025856,63733.981097793774,43.019384264538196
1457.025,3.77403,5.0,24.0813,,43.71518879932118,63694.12296033095,42.90992018244013
1460.025,3.77319,5.0,24.0813,,43.597581671616446,63653.55918010181,42.800456100342075
1463.025,3.77234,5.0,23.87099,,43.47857445905808,63610.24139796345,42.69099201824401
1466.025,3.7715,5.0,23.76583,,43.36096733135341,63568.262131947384,42.58152793614595
1469.025,3.77066,5.0,23.97615,,43.24336020364867,63525.57722316499,42.47206385404789
1472.025,3.76982,5.0,24.0813,,43.125753075944004,63482.18667161648,42.362599771949824
1475.025,3.76897,5.0,23.97615,,43.00674586338563,63436.0253171404,42.25313568985177
1478.025,3.76813,5.0,23.76583,,42.88913873568096,63391.219279804856,42.1436716077537
1481.025,3.76729,5.0,23.66067,,42.77153160797623,63345.707599703,42.034207525655646
1484.025,3.76644,5.0,23.97615,,42.652524395417856,63297.412515909986,41.92474344355758
1487.025,3.7656,5.0,24.18646,,42.53491726771318,63250.4853500212,41.81527936145952
1490.025,3.76476,5.0,24.0813,,42.41731014000845,63202.8525413661,41.70581527936146
1493.025,3.76392,5.0,23.87099,,42.29970301230378,63154.51408994485,41.596351197263395
1496.025,3.76307,5.0,23.66067,,42.18069579974541,63103.37543381413,41.48688711516534
1499.025,3.76223,5.0,23.66067,,42.063088672040735,63053.62149660587,41.377423033067274
1502.025,3.76139,5.0,23.97615,,41.945481544336005,63003.16191663129,41.26795895096921
1505.025,3.76054,5.0,24.29162,,41.826474331777696,62949.88953118373,41.15849486887115
1508.025,3.7597,5.0,24.0813,,41.70886720407296,62898.01446542213,41.04903078677309
1511.025,3.75886,5.0,23.87099,,41.59126007636823,62845.43375689431,40.93956670467502
1514.025,3.75802,5.0,23.66067,,41.47365294866356,62792.14740560036,40.830102622576966
1517.025,3.75717,5.0,23.76583,,41.354645736105184,62736.03144781497,40.7206385404789
1520.025,3.75633,5.0,23.97615,,41.23703860840051,62681.32961073399,40.611174458380844
1523.025,3.75549,5.0,23.97615,,41.11943148069579,62625.922130886705,40.50171037628278
1526.025,3.75465,5.0,23.97615,,41.001824352991044,62569.80900827316,40.392246294184716
1529.025,3.7538,5.0,23.87099,,40.882817140432735,62510.849478150165,40.28278221208666
1532.025,3.75296,5.0,23.87099,,40.76521001272801,62453.32086974964,40.173318129988594
1535.025,3.75212,5.0,23.76583,,40.64760288502334,62395.08661858296,40.06385404789054
1538.025,3.75127,5.0,23.87099,,40.52859567246496,62333.99335914292,39.95438996579247
1541.025,3.75043,5.0,23.97615,,40.41098854476029,62274.34362218923,39.84492588369441
1544.025,3.74959,5.0,23.87099,,40.29338141705556,62213.98824246922,39.73546180159635
1547.025,3.74875,5.0,23.87099,,40.17577428935083,62152.927219982965,39.62599771949829
1550.025,3.7479,5.0,23.76583,,40.05676707679252,62088.990388205326,39.51653363740023
1553.025,3.74706,5.0,23.87099,,39.93915994908779,62026.51387993206,39.407069555302165
1556.025,3.74622,5.0,24.0813,,39.821552821383115,61963.33172889266,39.2976054732041
1559.025,3.74537,5.0,23.97615,,39.70254560882474,61897.261167797995,39.18814139110604
1562.025,3.74453,5.0,23.87099,,39.58493848112007,61832.66353097158,39.07867730900798
1565.025,3.74352,5.0,23.87099,,39.4435299109037,61730.11039881207,38.96921322690992
1568.025,3.74285,5.0,23.97615,,39.3497242257106,61701.35132901987,38.85974914481186
1571.025,3.74183,5.0,23.87099,,39.20691557064066,61595.04453436575,38.75028506271379
1574.025,3.74099,5.0,23.87099,,39.08930844293592,61527.54872189222,38.640820980615736
1577.025,3.74015,5.0,23.76583,,38.97170131523119,61459.347266652476,38.53135689851767
1580.025,3.73931,5.0,24.0813,,38.85409418752652,61390.44016864659,38.42189281641961
1583.025,3.73863,5.0,24.0813,,38.75888841747985,61356.28933708105,38.31242873432155
1586.025,3.73762,5.0,23.76583,,38.617479847263475,61248.28847475605,38.202964652223486
1589.025,3.73678,5.0,23.76583,,38.499872719558745,61177.260248196835,38.09350057012543
1592.025,3.73594,5.0,24.18646,,38.38226559185401,61105.52637887138,37.984036488027364
1595.025,3.73509,5.0,24.18646,,38.2632583792957,61030.85369643613,37.8745724059293
1598.025,3.73425,5.0,23.76583,,38.14565125159097,60957.70434132366,37.76510832383124
1601.025,3.73341,5.0,23.76583,,38.028044123886296,60883.84934344506,37.65564424173318
1604.025,3.73256,5.0,24.0813,,37.909036911327924,60807.04293169278,37.54618015963512
1607.025,3.73172,5.0,24.18646,,37.79142978362326,60731.77244802717,37.436716077537056
1610.025,3.73105,5.0,24.0813,,37.69762409843022,60694.117239075116,37.32725199543899
1613.025,3.7302,5.0,23.97615,,37.57861688587185,60615.248502333445,37.217787913340935
1616.025,3.72919,5.0,23.76583,,37.43720831565548,60499.46456830716,37.10832383124287
1619.025,3.72835,5.0,23.76583,,37.319601187950745,60421.367313321956,36.99885974914481
1622.025,3.72751,5.0,23.76583,,37.20199406024607,60342.56441557064,36.88939566704675
1625.025,3.72666,5.0,23.97615,,37.08298684768771,60260.78070216372,36.779931584948685
1628.025,3.72582,5.0,23.97615,,36.965379719983034,60180.56231862538,36.67046750285063
1631.025,3.72498,5.0,23.97615,,36.8477725922783,60099.63829232071,36.56100342075256
1634.025,3.72414,5.0,23.87099,,36.73016546457357,60018.00862324983,36.4515393386545
1637.025,3.72329,5.0,23.87099,,36.61115825201526,59933.38133750528,36.34207525655644
1640.025,3.72245,5.0,23.97615,,36.49355112431052,59850.33618264736,36.23261117445838
1643.025,3.72178,5.0,23.97615,,36.39974543911749,59805.691750106016,36.12314709236032
1646.025,3.72093,5.0,23.87099,,36.28073822655919,59719.00213937209,36.013683010262255
1649.025,3.72009,5.0,23.87099,,36.16313109885445,59633.90726028846,35.90421892816419
1652.025,3.71925,5.0,23.87099,,36.04552397114978,59548.10673843871,35.794754846066134
1655.025,3.71841,5.0,23.76583,,35.92791684344504,59461.60057382263,35.68529076396807
1658.025,3.71756,5.0,23.87099,,35.80890963088674,59372.067390750984,35.57582668187001
1661.025,3.71672,5.0,23.87099,,35.691302503182,59284.145740347885,35.46636259977195
1664.025,3.71588,5.0,23.87099,,35.573695375477264,59195.51844717856,35.35689851767388
1667.025,3.71503,5.0,23.87099,,35.45468816291896,59103.85153478999,35.247434435575826
1670.025,3.71419,5.0,23.87099,,35.337081035214226,59013.80875583364,35.13797035347776
1673.025,3.71352,5.0,23.87099,,35.24327535002119,58962.88074246921,35.028506271379705
1676.025,3.71267,5.0,23.87099,,35.124268137462884,58869.151505091235,34.91904218928164
1679.025,3.71183,5.0,23.97615,,35.006661009758155,58777.05900190919,34.809578107183576
1682.025,3.71099,5.0,23.87099,,34.88905388205342,58684.2608559609,34.70011402508552
1685.025,3.71015,5.0,23.97615,,34.771446754348744,58590.75706724649,34.590649942987454
1688.025,3.70947,5.0,23.87099,,34.67624098430207,58534.36168752651,34.4811858608894
1691.025,3.70863,5.0,23.76583,,34.55863385659734,58439.51381735252,34.37172177879133
1694.025,3.70779,5.0,23.87099,,34.441026728892666,58343.9603044124,34.26225769669327
1697.025,3.70694,5.0,23.87099,,34.322019516334294,58245.325169707205,34.15279361459521
1700.025,3.7061,5.0,23.87099,,34.20441238862963,58148.356170980085,34.04332953249715
1703.025,3.70543,5.0,23.87099,,34.11060670343653,58091.21598112,33.93386545039908
1706.025,3.70458,5.0,23.97615,,33.99159949087822,57990.518521425525,33.824401368301025
1709.025,3.70374,5.0,23.87099,,33.873992363173485,57891.49979847257,33.71493728620296
1712.025,3.7029,5.0,23.97615,,33.75638523546881,57791.77543275349,33.605473204104904
1715.025,3.70222,5.0,23.87099,,33.661179465422144,57729.76431268561,33.49600912200684
1718.025,3.70138,5.0,23.97615,,33.543572337717414,57628.69586550696,33.386545039908775
1721.025,3.70054,5.0,23.87099,,33.42596521001274,57526.92177556218,33.27708095781072
1724.025,3.69986,5.0,23.97615,,33.330759439966066,57463.0625434875,33.16761687571265
1727.025,3.69902,5.0,23.87099,,33.213152312261336,57359.94437208313,33.058152793614596
1730.025,3.69818,5.0,23.76583,,33.0955451845566,57256.12055791253,32.94868871151653
1733.025,3.6975,5.0,23.87099,,33.00033941450993,57190.413213831074,32.83922462941847
1736.025,3.69666,5.0,23.87099,,32.88273228680526,57085.2453182011,32.72976054732041
1739.025,3.69599,5.0,23.97615,,32.788926601612225,57020.7630833687,32.620296465222346
1742.025,3.69514,5.0,23.97615,,32.66991938905385,56911.81632371654,32.51083238312429
1745.025,3.6943,5.0,23.97615,,32.55231226134918,56804.59870386086,32.401368301026224
1748.025,3.69363,5.0,23.87099,,32.45850657615615,56738.28095778535,32.29190421892816
1751.025,3.69278,5.0,23.87099,,32.33949936359778,56627.27187314381,32.1824401368301
1754.025,3.69211,5.0,23.87099,,32.24569367840474,56559.75285426388,32.07297605473204
1757.025,3.69127,5.0,23.87099,,32.128086550700004,56449.851271743675,31.96351197263398
1760.025,3.69059,5.0,23.87099,,32.03288078065334,56378.670995969405,31.85404789053591
1763.025,3.68975,5.0,23.87099,,31.915273652948667,56267.42533198983,31.744583808437852
1766.025,3.68891,5.0,23.87099,,31.797666525243933,56155.47402524392,31.635119726339795
1769.025,3.68823,5.0,23.87099,,31.702460755197258,56082.445637462835,31.525655644241738
1772.025,3.68756,5.0,23.97615,,31.608655070004225,56011.32700042424,31.416191562143666
1775.025,3.68672,5.0,23.87099,,31.491047942299552,55897.397373780266,31.30672748004561
1778.025,3.68604,5.0,23.87099,,31.39584217225288,55822.59227831993,31.19726339794755
1781.025,3.6852,5.0,24.0813,,31.27823504454815,55707.318570216376,31.08779931584948
1784.025,3.68452,5.0,23.87099,,31.18302927450148,55631.303801442504,30.978335233751423
1787.025,3.68385,5.0,23.87099,,31.089223589308443,55557.21978468392,30.868871151653366
1790.025,3.68301,5.0,23.97615,,30.97161646160371,55439.967756682185,30.759407069555294
1793.025,3.68233,5.0,23.87099,,30.87641069155704,55362.17628022907,30.649942987457237
1796.025,3.68149,5.0,23.97615,,30.758803563852368,55243.58017076795,30.54047890535918
1799.025,3.68082,5.0,23.97615,,30.664997878659335,55167.09780865511,30.43101482326111
1802.025,3.68014,5.0,23.87099,,30.56979210861266,55087.52962452273,30.32155074116305
1805.025,3.67947,5.0,23.87099,,30.475986423419563,55009.9173939329,30.212086659064994
1808.025,3.67879,5.0,23.87099,,30.38078065337289,54929.210940814526,30.102622576966937
1811.025,3.67795,5.0,23.87099,,30.263173525668222,54807.363834323296,29.993158494868865
1814.025,3.67728,5.0,23.87099,,30.169367840475186,54727.987496818,29.883694412770808
1817.025,3.6766,5.0,23.87099,,30.074162070428518,54645.50433602038,29.77423033067275
1820.025,3.67593,5.0,23.76583,,29.980356385235478,54564.998130038206,29.66476624857468
1823.025,3.67509,5.0,23.87099,,29.862749257530744,54440.53846520999,29.555302166476622
1826.025,3.67441,5.0,23.87099,,29.767543487484076,54356.278596733115,29.445838084378565
1829.025,3.67374,5.0,23.76583,,29.67373780229104,54274.00828383537,29.336374002280493
1832.025,3.67306,5.0,23.87099,,29.578532032244368,54188.61014637249,29.226909920182436
1835.025,3.67239,5.0,23.87099,,29.484726347051335,54105.20996499788,29.11744583808438
1838.025,3.67171,5.0,23.87099,,29.38952057700466,54018.673558548995,29.00798175598632
1841.025,3.67104,5.0,23.76583,,29.295714891811627,53934.1435086975,28.89851767388825
1844.025,3.67037,5.0,23.87099,,29.20190920661859,53849.05062473485,28.789053591790193
1847.025,3.66969,5.0,23.97615,,29.106703436571923,53760.808914934256,28.679589509692136
1850.025,3.66902,5.0,23.76583,,29.012897751378887,53674.58616249473,28.570125427594064
1853.025,3.66834,5.0,23.76583,,28.91769198133222,53585.206183708135,28.460661345496007
1856.025,3.66767,5.0,23.97615,,28.82388629613918,53497.85356279172,28.35119726339795
1859.025,3.66699,5.0,23.87099,,28.728680526092507,53407.335315019125,28.241733181299878
1862.025,3.66632,5.0,23.76583,,28.634874840899414,53318.852825625734,28.13226909920182
1865.025,3.66565,5.0,23.87099,,28.541069155706378,53229.80750212129,28.022805017103764
1868.025,3.66497,5.0,23.76583,,28.44586338565971,53137.58395099698,27.913340935005692
1871.025,3.6643,5.0,23.87099,,28.35205770046667,53047.408759015656,27.803876852907635
1874.025,3.66362,5.0,23.87099,,28.256851930420005,52954.046938905354,27.694412770809578
1877.025,3.66295,5.0,23.97615,,28.163046245226965,52862.741878447145,27.58494868871152
1880.025,3.66228,5.0,23.66067,,28.069240560033933,52770.8739838778,27.47548460661345
1883.025,3.6616,5.0,23.66067,,27.97403478998726,52675.80686041577,27.366020524515392
1886.025,3.66093,5.0,23.87099,,27.88022910479423,52582.809097369536,27.256556442417335
1889.025,3.66042,5.0,23.97615,,27.80882477725919,52531.565224862046,27.147092360319263
1892.025,3.65975,5.0,23.87099,,27.715019092066157,52437.508997666475,27.037628278221206
1895.025,3.65907,5.0,23.66067,,27.619813322019485,52340.23674055998,26.92816419612315
1898.025,3.6584,5.0,23.76583,,27.526007636826453,52245.05064488753,26.818700114025077
1901.025,3.65772,5.0,23.97615,,27.430801866779777,52146.64011879503,26.70923603192702
1904.025,3.65722,5.0,23.87099,,27.360797624098442,52095.64269622404,26.599771949828963
1907.025,3.65654,5.0,23.87099,,27.26559185405177,51996.16530547308,26.490307867730905
1910.025,3.65587,5.0,23.87099,,27.171786168858738,51898.79087717441,26.380843785632834
1913.025,3.6552,5.0,23.76583,,27.077980483665637,51800.853614764455,26.271379703534777
1916.025,3.65469,5.0,23.87099,,27.006576156130667,51745.275079550265,26.16191562143672
1919.025,3.65402,5.0,23.97615,,26.912770470937634,51646.27935299109,26.052451539338648
1922.025,3.65334,5.0,23.87099,,26.817564700890962,51544.02979422995,25.94298745724059
1925.025,3.65284,5.0,23.76583,,26.747560458209563,51489.72257106486,25.833523375142533
1928.025,3.65216,5.0,23.76583,,26.65235468816289,51386.40614764526,25.724059293044462
1931.025,3.65149,5.0,23.76583,,26.55854900296986,51285.22208845987,25.614595210946405
1934.025,3.65098,5.0,23.97615,,26.487144675434887,51226.79998090796,25.505131128848348
1937.025,3.65031,5.0,23.87099,,26.393338990241848,51124.55745757322,25.395667046750276
1940.025,3.64963,5.0,23.76583,,26.298133220195183,51019.03590050916,25.28620296465222
1943.025,3.64913,5.0,23.76583,,26.22812897751378,50961.91030653371,25.17673888255416
1946.025,3.64845,5.0,23.87099,,26.132923207467112,50855.32188481119,25.067274800456104
1949.025,3.64795,5.0,23.87099,,26.062918964785712,50797.28063534148,24.957810718358033
1952.025,3.64727,5.0,23.87099,,25.96771319473904,50689.62534896048,24.848346636259976
1955.025,3.6466,5.0,23.66067,,25.873907509546004,50584.13602885018,24.73888255416192
1958.025,3.64609,5.0,23.87099,,25.80250318201103,50521.94629295715,24.629418472063847
1961.025,3.64542,5.0,23.87099,,25.708697496817997,50415.398508697515,24.51995438996579
1964.025,3.64491,5.0,23.87099,,25.637293169282962,50352.284716800976,24.410490307867732
1967.025,3.64424,5.0,23.76583,,25.54348748408993,50244.678468392,24.30102622576966
1970.025,3.64373,5.0,23.87099,,25.47208315655496,50180.64062049219,24.191562143671604
1973.025,3.64306,5.0,23.97615,,25.37827747136192,50071.975907933855,24.082098061573546
1976.025,3.64255,5.0,23.87099,,25.306873143826888,50007.01400403053,23.97263397947549
1979.025,3.64188,5.0,23.87099,,25.213067458633855,49897.29082732287,23.863169897377418
1982.025,3.64137,5.0,23.97615,,25.141663131098884,49831.40486741627,23.75370581527936
1985.025,3.6407,5.0,23.97615,,25.047857445905784,49720.62322655913,23.644241733181303
1988.025,3.64019,5.0,23.87099,,24.976453118370813,49653.81321064914,23.534777651083232
1991.025,3.63952,5.0,23.76583,,24.882647433177773,49541.97310564278,23.425313568985175
1994.025,3.63901,5.0,23.87099,,24.811243105642742,49474.23903372927,23.315849486887117
1997.025,3.63834,5.0,23.97615,,24.717437420449706,49361.34046457358,23.206385404789046
2000.025,3.63783,5.0,23.87099,,24.64603309291473,49292.682336656784,23.09692132269099
2003.025,3.63716,5.0,23.76583,,24.5522274077217,49178.725303351755,22.98745724059293
2006.025,3.63665,5.0,23.76583,,24.480823080186664,49109.14311943146,22.87799315849486
2009.025,3.63598,5.0,24.0813,,24.38701739499363,48994.12762197708,22.768529076396803
2012.025,3.63547,5.0,23.97615,,24.31561306745866,48923.62138205351,22.659064994298745
2015.025,3.63497,5.0,23.76583,,24.24560882477726,48855.507922146804,22.549600912200688
2018.025,3.63429,5.0,23.66067,,24.15040305473059,48736.1171245227,22.440136830102617
2021.025,3.63379,5.0,23.97615,,24.08039881204919,48667.08800912172,22.33067274800456
2024.025,3.63311,5.0,23.97615,,23.985193042002518,48546.63034683915,22.221208665906502
2027.025,3.63261,5.0,23.97615,,23.915188799321182,48476.68557594402,22.11174458380843
2030.025,3.63193,5.0,23.66067,,23.819983029274514,48355.161049003,22.002280501710374
2033.025,3.63143,5.0,23.76583,,23.749978786593115,48284.30062261347,21.892816419612316
2036.025,3.63075,5.0,23.97615,,23.654773016546443,48161.70923101397,21.783352337514245
2039.025,3.63025,5.0,23.97615,,23.584768773865108,48089.9331491303,21.673888255416188
2042.025,3.62974,5.0,23.87099,,23.513364446330073,48014.87803351717,21.56442417331813
2045.025,3.62907,5.0,23.76583,,23.419558761137036,47893.58315549427,21.454960091220073
2048.025,3.62856,5.0,23.87099,,23.348154433602,47817.60398387774,21.345496009122
2051.025,3.62789,5.0,23.97615,,23.254348748408965,47695.2506417055,21.236031927023944
2054.025,3.62738,5.0,23.97615,,23.182944420873994,47618.34741408571,21.126567844925887
2057.025,3.62671,5.0,23.87099,,23.08913873568096,47494.935607764135,21.017103762827816
2060.025,3.6262,5.0,23.76583,,23.017734408145927,47417.10832414081,20.90763968072976
2063.025,3.62553,5.0,23.66067,,22.92392872295289,47292.63805366989,20.7981755986317
2066.025,3.62502,5.0,23.87099,,22.85252439541792,47213.88671404331,20.68871151653363
2069.025,3.62435,5.0,23.97615,,22.758718710224883,47088.35797942304,20.579247434435572
2072.025,3.62384,5.0,23.97615,,22.687314382689852,47008.68258379294,20.469783352337515
2075.025,3.62317,5.0,23.97615,,22.593508697496816,46882.095385023335,20.360319270239444
2078.025,3.62266,5.0,23.87099,,22.522104369961845,46801.49593338997,20.250855188141387
2081.025,3.62199,5.0,23.76583,,22.428298684768745,46673.85027047088,20.14139110604333
2084.025,3.62148,5.0,23.87099,,22.356894357233774,46592.32676283412,20.031927023945272
2087.025,3.62081,5.0,23.87099,,22.263088672040737,46463.62263576582,19.9224629418472
2090.025,3.6203,5.0,23.76583,,22.191684344505703,46381.17507212553,19.812998859749143
2093.025,3.61963,5.0,23.87099,,22.097878659312666,46251.41248090789,19.703534777651086
2096.025,3.61896,5.0,23.97615,,22.004072974119634,46121.087055579104,19.594070695553015
2099.025,3.61845,5.0,23.87099,,21.932668646584663,46037.21980589737,19.484606613454957
2102.025,3.61778,5.0,23.87099,,21.838862961391627,45905.83591641924,19.3751425313569
2105.025,3.6171,5.0,23.97615,,21.743657191344955,45770.94197921092,19.26567844925883
2108.025,3.6166,5.0,23.87099,,21.67365294866356,45688.602257106504,19.15621436716077
2111.025,3.61592,5.0,23.97615,,21.578447178616887,45552.64145523972,19.046750285062714
2114.025,3.61525,5.0,23.87099,,21.48464149342385,45419.06923313536,18.937286202964657
2117.025,3.61457,5.0,23.97615,,21.38943572337718,45281.970162282574,18.827822120866585
2120.025,3.61407,5.0,23.97615,,21.319431480695783,45197.72772486208,18.718358038768528
2123.025,3.61339,5.0,23.97615,,21.22422571064911,45059.56178935083,18.60889395667047
2126.025,3.61272,5.0,23.97615,,21.130420025456075,44923.80123462025,18.4994298745724
2129.025,3.61204,5.0,23.97615,,21.035214255409404,44784.497030123006,18.389965792474342
2132.025,3.61137,5.0,23.97615,,20.941408570216367,44647.60660691555,18.280501710376285
2135.025,3.6107,5.0,23.97615,,20.847602885023335,44510.15334959695,18.171037628278214
2138.025,3.61002,5.0,23.97615,,20.752397114976663,44369.14384174798,18.061573546180156
2141.025,3.60935,5.0,23.97615,,20.65859142978363,44230.5607159525,17.9521094640821
2144.025,3.60867,5.0,23.97615,,20.56338565973696,44088.41293911754,17.842645381984028
2147.025,3.60783,5.0,23.97615,,20.445778532032225,43897.59765273649,17.73318129988597
2150.025,3.60716,5.0,23.87099,,20.35197284683919,43757.250420025426,17.623717217787913
2153.025,3.60648,5.0,23.97615,,20.25676707679252,43613.32593551122,17.514253135689856
2156.025,3.60581,5.0,23.87099,,20.162961391599485,43471.84883432328,17.404789053591784
2159.025,3.60497,5.0,23.87099,,20.04535426389475,43278.420989605365,17.295324971493727
2162.025,3.60429,5.0,23.97615,,19.95014849384814,43132.71979741203,17.18586088939567
2165.025,3.60345,5.0,23.87099,,19.832541366143406,42937.94787123463,17.0763968072976
2168.025,3.60277,5.0,23.97615,,19.737335596096738,42791.03700572763,16.96693272519954
2171.025,3.6021,5.0,23.87099,,19.643529910903702,42646.59452481971,16.857468643101484
2174.025,3.60126,5.0,23.97615,,19.52592278319897,42449.84427874414,16.748004561003413
2177.025,3.60041,5.0,23.97615,,19.40691557064066,42249.34037017398,16.638540478905355
2180.025,3.59974,5.0,23.97615,,19.313109885447624,42103.06237802296,16.529076396807298
2183.025,3.5989,5.0,23.87099,,19.19550275774289,41904.262407721675,16.419612314709227
2186.025,3.59805,5.0,23.87099,,19.07649554518458,41701.69617416213,16.31014823261117
2189.025,3.59721,5.0,23.97615,,18.958888417479848,41501.48071807383,16.200684150513112
2192.025,3.59654,5.0,23.97615,,18.86508273228681,41352.732976241,16.091220068415055
2195.025,3.59569,5.0,23.97615,,18.746075519728446,41148.10441769193,15.981755986316983
2198.025,3.59485,5.0,23.97615,,18.628468392023773,40945.83923737806,15.872291904218926
2201.025,3.59401,5.0,23.87099,,18.510861264319036,40742.86841429781,15.762827822120869
2204.025,3.59317,5.0,23.87099,,18.393254136614367,40539.19194845148,15.653363740022797
2207.025,3.59232,5.0,23.97615,,18.274246924055998,40331.71981756469,15.54389965792474
2210.025,3.59131,5.0,23.97615,,18.132838353839627,40074.02608294442,15.434435575826683
2213.025,3.59064,5.0,23.87099,,18.03903266864659,39920.830271531624,15.324971493728611
2216.025,3.58963,5.0,23.97615,,17.89762409843022,39661.58244272383,15.215507411630554
2219.025,3.58878,5.0,23.97615,,17.778616885871852,39451.19533517179,15.106043329532497
2222.025,3.58794,5.0,23.87099,,17.661009758167182,39243.205207891435,14.99657924743444
2225.025,3.5871,5.0,23.87099,,17.543402630462445,39034.5094378447,14.887115165336368
2228.025,3.58626,5.0,23.97615,,17.425795502757712,38825.108025031754,14.777651083238311
2231.025,3.58541,5.0,23.87099,,17.306788290199407,38611.87734514214,14.668187001140254
2234.025,3.58457,5.0,23.87099,,17.189181162494673,38401.060446542164,14.558722919042182
2237.025,3.58373,5.0,23.87099,,17.07157403479,38189.537905176105,14.449258836944125
2240.025,3.58288,5.0,23.97615,,16.95256682223163,37974.173495969415,14.339794754846068
2243.025,3.58187,5.0,23.97615,,16.811158252015257,37707.84823822652,14.230330672747996
2246.025,3.58103,5.0,23.97615,,16.693551124310588,37494.13316397969,14.120866590649939
2249.025,3.58036,5.0,23.76583,,16.59974543911755,37333.242486211355,14.011402508551882
2252.025,3.57951,5.0,23.87099,,16.480738226559183,37115.034504666946,13.90193842645381
2255.025,3.5785,5.0,24.0813,,16.339329656342812,36845.596858294455,13.792474344355753
2258.025,3.57766,5.0,24.0813,,16.22172252863808,36629.055012728,13.683010262257696
2261.025,3.57682,5.0,23.76583,,16.10411540093341,36411.807524395466,13.573546180159639
2264.025,3.57597,5.0,23.97615,,15.985108188375037,36190.684566185795,13.464082098061567
2267.025,3.57513,5.0,24.18646,,15.867501060670365,35972.02159206624,13.35461801596351
2270.025,3.57429,5.0,24.29162,,15.749893932965632,35752.65297518031,13.245153933865453
2273.025,3.57344,5.0,23.66067,,15.630886720407323,35529.39628765386,13.135689851767381
2276.025,3.5726,5.0,23.66067,,15.51327959270259,35308.61218498091,13.026225769669324
2279.025,3.57176,5.0,23.87099,,15.395672464997856,35087.122439541745,12.916761687571267
2282.025,3.57092,5.0,24.0813,,15.278065337293183,34864.927051336475,12.807297605473195
2285.025,3.57007,5.0,24.0813,,15.159058124734814,34638.82679147217,12.697833523375138
2288.025,3.56923,5.0,23.97615,,15.041450997030141,34415.21591747989,12.58836944127708
2291.025,3.56822,5.0,23.87099,,14.900042426813773,34136.369700891024,12.478905359179024
2294.025,3.56738,5.0,23.76583,,14.78243529910904,33911.276137038614,12.369441277080952
2297.025,3.56653,5.0,23.76583,,14.66342808655073,33682.260900509194,12.259977194982895
2300.025,3.56569,5.0,23.87099,,14.545820958845997,33455.75185086977,12.150513112884838
2303.025,3.56468,5.0,23.97615,,14.404412388629627,33173.72184132375,12.041049030786766
2306.025,3.56367,5.0,23.87099,,14.263003818413257,32890.84338035643,11.931584948688709
2309.025,3.56283,5.0,23.97615,,14.145396690708523,32662.07459376325,11.822120866590652
2312.025,3.56181,5.0,23.87099,,14.002588035638516,32374.33360309714,11.71265678449258
2315.025,3.5608,5.0,23.87099,,13.861179465422145,32088.976991938904,11.603192702394523
2318.025,3.55996,5.0,23.87099,,13.74357233771741,31857.944268137402,11.493728620296466
2321.025,3.55895,5.0,23.87099,,13.602163767501041,31570.962158464106,11.384264538198394
2324.025,3.55777,5.0,23.87099,,13.436953754773034,31227.816449936403,11.274800456100337
2327.025,3.55676,5.0,23.76583,,13.295545184556662,30939.066033092968,11.16533637400228
2330.025,3.55575,5.0,23.87099,,13.154136614340294,30649.467164828242,11.055872291904222
2333.025,3.55457,5.0,23.87099,,12.988926601612224,30303.49048472636,10.946408209806151
2336.025,3.55355,5.0,23.87099,,12.846117946542217,30008.85267607128,10.836944127708094
2339.025,3.55237,5.0,23.97615,,12.680907933814147,29660.96067988964,10.727480045610037
2342.025,3.5512,5.0,23.97615,,12.517098005939777,29315.356457361107,10.618015963511965
2345.025,3.55002,5.0,23.87099,,12.351887993211708,28965.486141281286,10.508551881413908
2348.025,3.54884,5.0,23.97615,,12.1866779804837,28614.624565125243,10.39908779931585
2351.025,3.54766,5.0,23.97615,,12.02146796775563,28262.77172889268,10.28962371721778
2354.025,3.54648,5.0,23.87099,,11.856257955027562,27909.927632583756,10.180159635119722
2357.025,3.5453,5.0,23.97615,,11.691047942299555,27556.09227619861,10.070695553021665
2360.025,3.54395,5.0,23.76583,,11.502036487059847,27145.093660373415,9.961231470923607
2363.025,3.54277,5.0,23.87099,,11.33682647433178,26789.204379507853,9.851767388825536
2366.025,3.54159,5.0,23.97615,,11.17161646160371,26432.32383856592,9.742303306727479
2369.025,3.54024,5.0,23.97615,,10.982605006364004,26018.065825201484,9.632839224629421
2372.025,3.53906,5.0,23.87099,,10.817394993635997,25659.131359779425,9.52337514253135
2375.025,3.53788,5.0,23.87099,,10.652184980907927,25299.20563428085,9.413911060433293
2378.025,3.5367,5.0,23.87099,,10.48697496817992,24938.288648706057,9.304446978335235
2381.025,3.53552,5.0,23.97615,,10.321764955451851,24576.380403054744,9.194982896237164
2384.025,3.53434,5.0,23.87099,,10.15655494272378,24213.48089732706,9.085518814139107
2387.025,3.53333,5.0,23.87099,,10.015146372507411,23906.404769834506,8.97605473204105
2390.025,3.53215,5.0,23.87099,,9.849936359779404,23541.594148281773,8.866590649942978
2393.025,3.53097,5.0,23.97615,,9.684726347051335,23175.792266652523,8.75712656784492
2396.025,3.52979,5.0,23.87099,,9.519516334323328,22808.99912494705,8.647662485746864
2399.025,3.52878,5.0,23.87099,,9.378107764106895,22498.314978786544,8.538198403648806
2402.025,3.5276,5.0,23.87099,,9.212897751378888,22129.610721255875,8.428734321550735
2405.025,3.52642,5.0,23.97615,,9.047687738650819,21759.915203648685,8.319270239452678
2408.025,3.52524,5.0,23.87099,,8.882477725922811,21389.228425965277,8.20980615735462
2411.025,3.52406,5.0,23.87099,,8.71726771319474,21017.55038820535,8.100342075256549
2414.025,3.52288,5.0,23.97615,,8.552057700466673,20644.88109036906,7.990877993158492
2417.025,3.5217,5.0,23.97615,,8.386847687738666,20271.220532456548,7.881413911060434
2420.025,3.52035,5.0,23.97615,,8.197836232498958,19838.96862855329,7.771949828962363
2423.025,3.51917,5.0,23.87099,,8.03262621977089,19463.25414616036,7.662485746864306
2426.025,3.51799,5.0,23.97615,,7.867416207042883,19086.54840369121,7.5530216647662485
2429.025,3.51664,5.0,23.87099,,7.678404751803176,18651.03710224871,7.443557582668191
2432.025,3.51546,5.0,23.87099,,7.513194739075107,18272.27743529914,7.33409350057012
2435.025,3.51411,5.0,23.87099,,7.3241832838354,17834.569400721295,7.2246294184720625
2438.025,3.51293,5.0,23.87099,,7.158973271107332,17453.75580929145,7.115165336374005
2441.025,3.51175,5.0,23.87099,,6.9937632583793246,17071.95095778539,7.005701254275934
2444.025,3.51057,5.0,23.87099,,6.828553245651256,16689.15484620281,6.896237172177877
2447.025,3.50922,5.0,23.87099,,6.639541790411549,16247.124749681821,6.786773090079819
2450.025,3.50804,5.0,23.97615,,6.47433177768348,15862.274713618968,6.677309007981748
2453.025,3.50703,5.0,23.87099,,6.332923207467109,15534.818950997007,6.567844925883691
2456.025,3.50585,5.0,23.87099,,6.167713194739102,15148.057799109103,6.458380843785633
2459.025,3.50484,5.0,23.97615,,6.026304624522732,14818.833729317012,6.348916761687562
2462.025,3.50383,5.0,23.87099,,5.884896054306299,14488.761208103468,6.239452679589505
2465.025,3.50282,5.0,23.87099,,5.743487484089929,14157.840235468779,6.129988597491447
2468.025,3.50181,5.0,23.87099,,5.602078913873559,13826.07081141279,6.02052451539339
2471.025,3.50096,5.0,23.97615,,5.48307170131525,13548.807250742517,5.911060433295319
2474.025,3.50012,5.0,23.87099,,5.365464573610517,13274.29349172676,5.8015963511972615
2477.025,3.49928,5.0,23.87099,,5.247857445905845,12999.074089944927,5.692132269099204
2480.025,3.49844,5.0,23.87099,,5.130250318201112,12723.149045396713,5.582668187001133
2483.025,3.49776,5.0,23.87099,,5.03504454815444,12502.14148918118,5.4732041049030755
2486.025,3.49692,5.0,23.87099,,4.917437420449707,12224.872363173483,5.363740022805018
2489.025,3.49624,5.0,23.97615,,4.822231650403035,12002.655133644414,5.254275940706947
2492.025,3.49557,5.0,23.87099,,4.7284259652100005,11783.355715952452,5.14481185860889
2495.025,3.4949,5.0,23.76583,,4.634620280016966,11563.493464149331,5.035347776510832
2498.025,3.49439,5.0,23.87099,,4.563215952481993,11399.027529698831,4.925883694412761
2501.025,3.49372,5.0,23.87099,,4.469410267288959,11178.106813746368,4.816419612314704
2504.025,3.49321,5.0,23.87099,,4.398005939753924,11012.71682329232,4.706955530216646
2507.025,3.49254,5.0,23.87099,,4.3042002545608895,10790.737643190514,4.597491448118589
2510.025,3.49203,5.0,23.76583,,4.232795927025917,10624.423596733228,4.488027366020518
2513.025,3.49136,5.0,23.87099,,4.13899024183282,10401.385952481924,4.37856328392246
2516.025,3.49085,5.0,23.87099,,4.067585914297847,10234.147850021242,4.269099201824403
2519.025,3.49035,5.0,23.87099,,3.9975816716164494,10070.008170343626,4.159635119726332
2522.025,3.48967,5.0,23.87099,,3.902375901569778,9841.88958315652,4.0501710376282745
2525.025,3.48917,5.0,23.87099,,3.8323716588884422,9676.834247984789,3.940706955530217
2528.025,3.48866,5.0,23.87099,,3.7609673313534078,9507.819437844699,3.8312428734321458
2531.025,3.48815,5.0,23.76583,,3.6895630038184355,9338.376201739557,3.7217787913340885
2534.025,3.48765,5.0,23.87099,,3.6195587611370375,9172.052389690281,3.6123147092360313
2537.025,3.48697,5.0,23.87099,,3.524352991090366,8941.371647221036,3.502850627137974
2540.025,3.48647,5.0,23.87099,,3.4543487484090303,8774.132179677648,3.3933865450399026
2543.025,3.48596,5.0,23.87099,,3.3829444208739954,8602.912235893093,3.2839224629418453
2546.025,3.48546,5.0,23.87099,,3.312940178192598,8434.828517182808,3.174458380843788
2549.025,3.48495,5.0,23.87099,,3.241535850657625,8262.755921722553,3.0649942987457166
2552.025,3.48445,5.0,23.76583,,3.171531607976227,8093.827951845531,2.9555302166476594
2555.025,3.48377,5.0,23.87099,,3.0763258379295557,7860.089424055964,2.846066134549602
2558.025,3.48327,5.0,23.87099,,3.00632159524822,7690.245798684828,2.7366020524515307
2561.025,3.48276,5.0,23.87099,,2.9349172677131854,7516.396495545161,2.6271379703534734
2564.025,3.48225,5.0,23.76583,,2.8635129401782127,7342.118766440442,2.517673888255416
2567.025,3.48158,5.0,23.97615,,2.7697072549851782,7109.907766228327,2.4082098061573447
2570.025,3.48107,5.0,23.76583,,2.6983029274501433,6934.705981120055,2.2987457240592875
2573.025,3.48057,5.0,23.76583,,2.628298684768808,6762.678223377262,2.18928164196123
2576.025,3.48006,5.0,23.66067,,2.556894357233773,6586.623786593131,2.079817559863173
2579.025,3.47939,5.0,23.87099,,2.4630886720407386,6352.367262409866,1.9703534777651015
2582.025,3.47888,5.0,23.76583,,2.391684344505766,6175.3887696225,1.8608893956670443
2585.025,3.47838,5.0,23.66067,,2.3216801018243682,6001.601105218538,1.751425313568987
2588.025,3.4777,5.0,23.76583,,2.2264743317776965,5762.171232498973,1.6419612314709155
2591.025,3.4772,5.0,23.87099,,2.156470089096299,5587.467912600738,1.5324971493728583
2594.025,3.47669,5.0,23.97615,,2.085065761561326,5408.712712134119,1.423033067274801
2597.025,3.47602,5.0,23.76583,,1.9912600763682917,5171.352199830363,1.3135689851767296
2600.025,3.47551,5.0,23.76583,,1.919855748833257,4991.6729433601895,1.2041049030786724
2603.025,3.47484,5.0,23.66067,,1.8260500636402224,4753.25396690709,1.094640820980615
2606.025,3.47433,5.0,23.97615,,1.7546457361052499,4572.650654433684,0.9851767388825579
2609.025,3.47366,5.0,23.97615,,1.6608400509122152,4333.173213831243,0.8757126567844864
2612.025,3.47315,5.0,23.97615,,1.5894357233771805,4151.64584535428,0.7662485746864292
2615.025,3.47265,5.0,23.66067,,1.5194314806957827,3973.3513078064893,0.6567844925883719
2618.025,3.47197,5.0,23.66067,,1.4242257106491112,3728.6585161221396,0.5473204104903004
2621.025,3.4713,5.0,23.97615,,1.3304200254560765,3487.064147221013,0.4378563283922432
2624.025,3.47079,5.0,23.97615,,1.259015697921104,3303.688666737425,0.32839224629418595
2627.025,3.47012,5.0,23.97615,,1.1652100127280693,3061.0358336869563,0.2189281641961145
2630.025,3.46944,5.0,23.87099,,1.070004242681398,2814.137908358144,0.10946408209805725
2633.025,3.46894,5.0,23.66067,,1.0,2633.025,0.0
